Date,Discharge (Gt/yr),Error (Gt/yr)
2015-01-01,30.99653,2.10743
2015-01-02,31.00034,1.83887
2015-01-03,31.00414,1.63592
2015-01-04,31.00795,1.525
2015-01-05,31.01175,1.52631
2015-01-06,31.01556,1.63958
2015-01-07,31.01936,1.84429
2015-01-08,31.02317,2.11405
2015-01-09,31.02462,1.93702
2015-01-10,31.02608,1.78301
2015-01-11,31.02754,1.65845
2015-01-12,31.02899,1.57036
2015-01-13,31.03045,1.52509
2015-01-14,31.03191,1.52644
2015-01-15,31.03336,1.5743
2015-01-16,31.03482,1.66465
2015-01-17,31.03628,1.79108
2015-01-18,31.03773,1.94657
2015-01-19,31.03919,2.12475
2015-01-20,31.07822,1.94866
2015-01-21,31.11726,1.79646
2015-01-22,31.15629,1.6747
2015-01-23,31.19532,1.59037
2015-01-24,31.23436,1.5496
2015-01-25,31.27339,1.55581
2015-01-26,31.31242,1.60846
2015-01-27,31.35146,1.70326
2015-01-28,31.39049,1.83366
2015-01-29,31.42952,1.99271
2015-01-30,31.46856,2.17411
2015-01-31,31.49438,1.57114
2015-02-01,31.52021,2.18096
2015-02-02,31.53876,1.95476
2015-02-03,31.55732,1.76648
2015-02-04,31.57588,1.62934
2015-02-05,31.59443,1.5569
2015-02-06,31.61299,1.55822
2015-02-07,31.63155,1.63312
2015-02-08,31.6501,1.77229
2015-02-09,31.66866,1.9621
2015-02-10,31.68721,2.18943
2015-02-11,31.70206,1.82157
2015-02-12,31.71104,1.59057
2015-02-13,31.72003,1.58738
2015-02-14,31.72901,1.81319
2015-02-15,31.738,2.19855
2015-02-16,31.74785,2.12074
2015-02-17,31.7577,2.04625
2015-02-18,31.76755,1.97545
2015-02-19,31.77739,1.90875
2015-02-20,31.78724,1.84661
2015-02-21,31.79709,1.78948
2015-02-22,31.80694,1.73787
2015-02-23,31.81679,1.69229
2015-02-24,31.82664,1.65323
2015-02-25,31.83649,1.62115
2015-02-26,31.84634,1.5965
2015-02-27,31.85619,1.5796
2015-02-28,31.86604,1.57071
2015-03-01,31.87589,1.56997
2015-03-02,31.88599,1.57274
2015-03-03,31.8961,1.58362
2015-03-04,31.90621,1.60247
2015-03-05,31.91631,1.62899
2015-03-06,31.92642,1.66284
2015-03-07,31.93652,1.70355
2015-03-08,31.94663,1.75067
2015-03-09,31.95673,1.80369
2015-03-10,31.96684,1.86209
2015-03-11,31.97695,1.9254
2015-03-12,31.98705,1.99315
2015-03-13,31.99716,2.0649
2015-03-14,32.00726,2.14024
2015-03-15,32.01737,2.21881
2015-03-16,32.03194,2.09243
2015-03-17,32.04652,1.97539
2015-03-18,32.06109,1.86942
2015-03-19,32.07567,1.77651
2015-03-20,32.09024,1.69882
2015-03-21,32.10482,1.6385
2015-03-22,32.11939,1.59752
2015-03-23,32.13397,1.57739
2015-03-24,32.14854,1.57892
2015-03-25,32.16312,1.60203
2015-03-26,32.17769,1.64581
2015-03-27,32.19227,1.70869
2015-03-28,32.20684,1.78865
2015-03-29,32.22142,1.8835
2015-03-30,32.23599,1.99114
2015-03-31,32.25057,2.10959
2015-04-01,32.26514,2.23715
2015-04-02,32.2954,2.08366
2015-04-03,32.32566,1.94476
2015-04-04,32.35591,1.82376
2015-04-05,32.38617,1.72446
2015-04-06,32.41643,1.65075
2015-04-07,32.44668,1.60618
2015-04-08,32.47694,1.5932
2015-04-09,32.5072,1.61255
2015-04-10,32.53745,1.66312
2015-04-11,32.56771,1.74219
2015-04-12,32.59797,1.8461
2015-04-13,32.62822,1.97092
2015-04-14,32.65848,2.11296
2015-04-15,32.68874,2.26898
2015-04-16,32.71855,2.13207
2015-04-17,32.74836,2.00628
2015-04-18,32.77817,1.89383
2015-04-19,32.80798,1.79721
2015-04-20,32.83779,1.71911
2015-04-21,32.8676,1.66214
2015-04-22,32.89741,1.62851
2015-04-23,32.92722,1.61968
2015-04-24,32.95703,1.63605
2015-04-25,32.98684,1.67688
2015-04-26,33.01666,1.74046
2015-04-27,33.04647,1.8244
2015-04-28,33.07628,1.92604
2015-04-29,33.10609,2.04275
2015-04-30,33.1359,2.1721
2015-05-01,33.16571,2.31196
2015-05-02,33.18725,2.15331
2015-05-03,33.20879,2.00963
2015-05-04,33.23034,1.88435
2015-05-05,33.25188,1.78137
2015-05-06,33.27342,1.70473
2015-05-07,33.29496,1.65807
2015-05-08,33.3165,1.64397
2015-05-09,33.33804,1.66324
2015-05-10,33.35959,1.71477
2015-05-11,33.38113,1.79577
2015-05-12,33.40267,1.90249
2015-05-13,33.42421,2.03088
2015-05-14,33.44575,2.1771
2015-05-15,33.4673,2.33782
2015-05-16,33.49365,2.19028
2015-05-17,33.52001,2.05811
2015-05-18,33.54637,1.94442
2015-05-19,33.57273,1.85264
2015-05-20,33.59909,1.78613
2015-05-21,33.62346,1.72192
2015-05-22,33.64784,1.68159
2015-05-23,33.67221,1.66687
2015-05-24,33.69658,1.67844
2015-05-25,33.72095,1.71575
2015-05-26,33.74532,1.7772
2015-05-27,33.7697,1.86038
2015-05-28,33.79407,1.96255
2015-05-29,33.81844,2.0809
2015-05-30,33.84281,2.21284
2015-05-31,33.86719,2.35609
2015-06-01,33.90644,2.36463
2015-06-02,33.94132,2.14373
2015-06-03,33.97619,1.95489
2015-06-04,34.01106,1.80819
2015-06-05,34.04594,1.71447
2015-06-06,34.08081,1.68261
2015-06-07,34.11568,1.71606
2015-06-08,34.15055,1.81121
2015-06-09,34.18543,1.95908
2015-06-10,34.2203,2.14883
2015-06-11,34.25517,2.3704
2015-06-12,34.28891,1.89057
2015-06-13,34.32265,1.70691
2015-06-14,34.35639,1.90703
2015-06-15,34.39014,2.39663
2015-06-16,34.40983,2.0845
2015-06-17,34.42953,1.84776
2015-06-18,34.44923,1.71787
2015-06-19,34.46893,1.71921
2015-06-20,34.48863,1.85151
2015-06-21,34.50832,2.09004
2015-06-22,34.52802,2.40338
2015-06-23,34.51696,2.15404
2015-06-24,34.50589,1.94629
2015-06-25,34.49483,1.79464
2015-06-26,34.48377,1.71403
2015-06-27,34.4727,1.71453
2015-06-28,34.46164,1.79606
2015-06-29,34.45058,1.94848
2015-06-30,34.43951,2.15681
2015-07-01,34.42845,2.40657
2015-07-02,34.41786,1.70338
2015-07-03,34.40727,2.40064
2015-07-04,34.41071,2.19572
2015-07-05,34.41415,2.02048
2015-07-06,34.42077,1.87233
2015-07-07,34.42739,1.76669
2015-07-08,34.434,1.71144
2015-07-09,34.44062,1.71147
2015-07-10,34.44724,1.76677
2015-07-11,34.45386,1.87246
2015-07-12,34.46048,2.02064
2015-07-13,34.4671,2.20276
2015-07-14,34.47372,2.41114
2015-07-15,34.48915,2.41448
2015-07-16,34.49999,2.18282
2015-07-17,34.51083,1.99547
2015-07-18,34.52292,1.84391
2015-07-19,34.53502,1.74673
2015-07-20,34.54712,1.71322
2015-07-21,34.55922,1.74705
2015-07-22,34.57132,1.8445
2015-07-23,34.58342,1.99629
2015-07-24,34.59552,2.19115
2015-07-25,34.60762,2.41869
2015-07-26,34.61375,2.09947
2015-07-27,34.61988,1.86123
2015-07-28,34.62601,1.73758
2015-07-29,34.63214,1.75295
2015-07-30,34.64062,1.86744
2015-07-31,34.6491,2.10374
2015-08-01,34.65758,2.42651
2015-08-02,34.65514,1.92041
2015-08-03,34.6527,1.71715
2015-08-04,34.65027,1.91568
2015-08-05,34.64783,2.41902
2015-08-06,34.63691,2.18722
2015-08-07,34.626,1.99155
2015-08-08,34.61509,1.84354
2015-08-09,34.60417,1.7553
2015-08-10,34.59326,1.73595
2015-08-11,34.57861,1.74984
2015-08-12,34.56396,1.8347
2015-08-13,34.54931,1.98144
2015-08-14,34.53467,2.17757
2015-08-15,34.52002,2.41108
2015-08-16,34.50246,2.40852
2015-08-17,34.50452,2.19758
2015-08-18,34.50658,2.01475
2015-08-19,34.50865,1.86831
2015-08-20,34.51071,1.76733
2015-08-21,34.51278,1.71982
2015-08-22,34.51484,1.73021
2015-08-23,34.51767,1.77022
2015-08-24,34.52049,1.86608
2015-08-25,34.52332,2.00981
2015-08-26,34.52614,2.19202
2015-08-27,34.52897,2.40397
2015-08-28,34.50316,1.98484
2015-08-29,34.47735,1.73692
2015-08-30,34.45154,1.73522
2015-08-31,34.42573,1.98037
2015-09-01,34.39992,2.39781
2015-09-02,34.38354,2.23304
2015-09-03,34.36716,2.08327
2015-09-04,34.35078,1.95196
2015-09-05,34.33439,1.84306
2015-09-06,34.31801,1.76075
2015-09-07,34.30163,1.70885
2015-09-08,34.28525,1.69018
2015-09-09,34.26887,1.70583
2015-09-10,34.25249,1.75488
2015-09-11,34.23611,1.83466
2015-09-12,34.21972,1.94137
2015-09-13,34.20334,2.07086
2015-09-14,34.18696,2.21915
2015-09-15,34.17058,2.38272
2015-09-16,34.1589,1.70567
2015-09-17,34.14722,2.37188
2015-09-18,34.14316,2.16887
2015-09-19,34.1391,1.99142
2015-09-20,34.13503,1.8469
2015-09-21,34.13097,1.74353
2015-09-22,34.12691,1.68888
2015-09-23,34.12284,1.68769
2015-09-24,34.11878,1.74007
2015-09-25,34.11472,1.84145
2015-09-26,34.11066,1.98434
2015-09-27,34.10659,2.16052
2015-09-28,34.10253,2.36255
2015-09-29,34.1118,1.78282
2015-09-30,34.12107,1.78912
2015-10-01,34.13034,2.37679
2015-10-02,34.13782,2.10381
2015-10-03,34.14529,1.8842
2015-10-04,34.15276,1.73829
2015-10-05,34.16024,1.68535
2015-10-06,34.16771,1.73391
2015-10-07,34.17519,1.87611
2015-10-08,34.18266,2.09295
2015-10-09,34.19014,2.36397
2015-10-10,34.19523,2.01534
2015-10-11,34.20032,1.77489
2015-10-12,34.20541,1.68945
2015-10-13,34.2105,1.78147
2015-10-14,34.21559,2.02692
2015-10-15,34.22068,2.37877
2015-10-16,34.21324,1.96993
2015-10-17,34.20581,1.72711
2015-10-18,34.19838,1.72203
2015-10-19,34.19095,1.95654
2015-10-20,34.18352,2.36029
2015-10-21,34.16581,2.16285
2015-10-22,34.14576,1.98583
2015-10-23,34.12572,1.8417
2015-10-24,34.10568,1.73865
2015-10-25,34.08563,1.68425
2015-10-26,34.06559,1.6832
2015-10-27,34.04555,1.73561
2015-10-28,34.0255,1.83691
2015-10-29,34.00546,1.97961
2015-10-30,33.98542,2.15551
2015-10-31,33.96537,2.35717
2015-11-01,33.94907,2.36151
2015-11-02,33.92691,2.14204
2015-11-03,33.90378,1.95175
2015-11-04,33.88065,1.80242
2015-11-05,33.85752,1.70482
2015-11-06,33.83439,1.66807
2015-11-07,33.81126,1.69613
2015-11-08,33.78813,1.78594
2015-11-09,33.765,1.9289
2015-11-10,33.74187,2.11425
2015-11-11,33.71874,2.33191
2015-11-12,33.6934,1.85916
2015-11-13,33.66806,1.67518
2015-11-14,33.64272,1.86735
2015-11-15,33.61883,2.34308
2015-11-16,33.59792,2.03827
2015-11-17,33.57702,1.8053
2015-11-18,33.55611,1.67443
2015-11-19,33.5352,1.66984
2015-11-20,33.5143,1.79251
2015-11-21,33.49339,2.01937
2015-11-22,33.47248,2.32006
2015-11-23,33.44739,2.09238
2015-11-24,33.42154,1.8951
2015-11-25,33.39569,1.75009
2015-11-26,33.36984,1.67101
2015-11-27,33.34399,1.66726
2015-11-28,33.31813,1.73934
2015-11-29,33.29228,1.87854
2015-11-30,33.26643,2.07137
2015-12-01,33.24058,2.3044
2015-12-02,33.21777,1.64595
2015-12-03,33.19497,2.29496
2015-12-04,33.1668,2.09947
2015-12-05,33.13863,1.92911
2015-12-06,33.11047,1.79107
2015-12-07,33.0823,1.69328
2015-12-08,33.05413,1.64293
2015-12-09,33.02723,1.63725
2015-12-10,33.00033,1.6829
2015-12-11,32.97343,1.77591
2015-12-12,32.94652,1.90938
2015-12-13,32.91962,2.07551
2015-12-14,32.89272,2.26715
2015-12-15,32.8776,2.07547
2015-12-16,32.86248,1.90861
2015-12-17,32.84737,1.77358
2015-12-18,32.83225,1.67809
2015-12-19,32.81713,1.62911
2015-12-20,32.80201,1.63082
2015-12-21,32.78322,1.67814
2015-12-22,32.76442,1.7721
2015-12-23,32.74563,1.90581
2015-12-24,32.72684,2.07159
2015-12-25,32.70804,2.2624
2015-12-26,32.68187,1.97462
2015-12-27,32.65569,1.75692
2015-12-28,32.62951,1.6375
2015-12-29,32.60334,1.638
2015-12-30,32.57716,1.75831
2015-12-31,32.55098,1.97668
2016-01-01,32.52481,2.26491
2016-01-02,32.50913,1.80356
2016-01-03,32.49345,1.6156
2016-01-04,32.47777,1.78937
2016-01-05,32.46209,2.24229
2016-01-06,32.46997,2.05085
2016-01-07,32.47785,1.88402
2016-01-08,32.48572,1.74887
2016-01-09,32.4936,1.65319
2016-01-10,32.50148,1.60404
2016-01-11,32.50936,1.60572
2016-01-12,32.51724,1.65806
2016-01-13,32.52512,1.75655
2016-01-14,32.533,1.894
2016-01-15,32.54088,2.06263
2016-01-16,32.54876,2.25546
2016-01-17,32.53478,2.05899
2016-01-18,32.5208,1.8874
2016-01-19,32.50682,1.74801
2016-01-20,32.49284,1.64901
2016-01-21,32.47885,1.59794
2016-01-22,32.46487,1.59938
2016-01-23,32.45089,1.6532
2016-01-24,32.43691,1.7546
2016-01-25,32.42293,1.89594
2016-01-26,32.40939,2.03566
2016-01-27,32.39586,2.22312
2016-01-28,32.37626,2.24131
2016-01-29,32.34854,1.77129
2016-01-30,32.32083,1.58208
2016-01-31,32.29311,1.76635
2016-02-01,32.26539,2.23349
2016-02-02,32.23283,1.89839
2016-02-03,32.20027,1.66384
2016-02-04,32.16771,1.57539
2016-02-05,32.13515,1.65662
2016-02-06,32.10259,1.88572
2016-02-07,32.06856,2.2068
2016-02-08,32.06923,1.59467
2016-02-09,32.06048,2.22208
2016-02-10,32.03997,1.88917
2016-02-11,32.01945,1.65637
2016-02-12,31.99894,1.56889
2016-02-13,31.97842,1.65
2016-02-14,31.95791,1.87799
2016-02-15,31.93739,2.20781
2016-02-16,31.91872,1.65758
2016-02-17,31.90005,1.6504
2016-02-18,31.88137,2.19161
2016-02-19,31.84884,1.64476
2016-02-20,31.81631,1.64847
2016-02-21,31.78377,2.19995
2016-02-22,31.75379,1.94689
2016-02-23,31.72382,1.74203
2016-02-24,31.69384,1.60395
2016-02-25,31.66386,1.55061
2016-02-26,31.63389,1.59054
2016-02-27,31.60391,1.71725
2016-02-28,31.57393,1.91359
2016-02-29,31.54396,2.16065
2016-03-01,31.52661,2.16365
2016-03-02,31.51894,1.62948
2016-03-03,31.51127,1.63403
2016-03-04,31.50361,2.17392
2016-03-05,31.4923,1.896
2016-03-06,31.481,1.68392
2016-03-07,31.46969,1.5647
2016-03-08,31.45839,1.55977
2016-03-09,31.44709,1.67014
2016-03-10,31.43578,1.87558
2016-03-11,31.42448,2.14898
2016-03-12,31.41353,1.71257
2016-03-13,31.40258,1.5407
2016-03-14,31.3932,1.70397
2016-03-15,31.38382,2.14634
2016-03-16,31.37575,2.14554
2016-03-17,31.36872,1.83014
2016-03-18,31.36169,1.61125
2016-03-19,31.35467,1.53083
2016-03-20,31.34764,1.60977
2016-03-21,31.34061,1.82754
2016-03-22,31.33358,2.14221
2016-03-23,31.33084,1.94842
2016-03-24,31.32809,1.78489
2016-03-25,31.32534,1.66059
2016-03-26,31.32349,1.57378
2016-03-27,31.32163,1.54861
2016-03-28,31.31978,1.58801
2016-03-29,31.3186,1.64784
2016-03-30,31.31742,1.77125
2016-03-31,31.31625,1.94619
2016-04-01,31.31507,2.16017
2016-04-02,31.31838,2.00629
2016-04-03,31.3217,1.86893
2016-04-04,31.32501,1.75196
2016-04-05,31.32832,1.65972
2016-04-06,31.33164,1.59649
2016-04-07,31.33093,1.55065
2016-04-08,31.33023,1.54386
2016-04-09,31.32953,1.57661
2016-04-10,31.30623,1.60271
2016-04-11,31.28293,1.66282
2016-04-12,31.25963,1.75345
2016-04-13,31.23633,1.87017
2016-04-14,31.21303,2.00843
2016-04-15,31.18973,2.16411
2016-04-16,31.18008,1.83708
2016-04-17,31.17042,1.61382
2016-04-18,31.16076,1.54013
2016-04-19,31.15414,1.61631
2016-04-20,31.14752,1.84144
2016-04-21,31.14089,2.16963
2016-04-22,31.15781,1.63293
2016-04-23,31.17473,1.62587
2016-04-24,31.19165,2.15365
2016-04-25,31.20685,1.87595
2016-04-26,31.22205,1.66707
2016-04-27,31.23725,1.55498
2016-04-28,31.25246,1.56068
2016-04-29,31.26766,1.68298
2016-04-30,31.28286,1.89948
2016-05-01,31.29783,2.17954
2016-05-02,31.17513,1.53214
2016-05-03,31.05243,2.15394
2016-05-04,31.07498,1.54556
2016-05-05,31.09753,2.14358
2016-05-06,31.09059,1.94242
2016-05-07,31.08364,1.77057
2016-05-08,31.0767,1.63727
2016-05-09,31.06976,1.55249
2016-05-10,31.06282,1.52436
2016-05-11,31.05588,1.55594
2016-05-12,31.04894,1.64379
2016-05-13,31.03973,1.76961
2016-05-14,31.03051,1.94041
2016-05-15,31.0213,2.14547
2016-05-16,31.00919,2.12664
2016-05-17,30.98648,1.96334
2016-05-18,30.96016,1.79754
2016-05-19,30.93384,1.66325
2016-05-20,30.90752,1.56859
2016-05-21,30.8812,1.52099
2016-05-22,30.85488,1.52485
2016-05-23,30.82856,1.57979
2016-05-24,30.80224,1.68082
2016-05-25,30.77436,1.78227
2016-05-26,30.74647,1.93731
2016-05-27,30.71859,2.1343
2016-05-28,30.68384,1.75994
2016-05-29,30.64909,1.53883
2016-05-30,30.61434,1.53854
2016-05-31,30.57959,1.75918
2016-06-01,30.54484,2.13325
2016-06-02,30.50624,2.11468
2016-06-03,30.50477,1.60724
2016-06-04,30.5051,1.59305
2016-06-05,30.50544,2.14048
2016-06-06,30.52956,1.53244
2016-06-07,30.55368,2.13328
2016-06-08,30.52015,1.94933
2016-06-09,30.48661,1.78888
2016-06-10,30.45308,1.65876
2016-06-11,30.41954,1.56656
2016-06-12,30.386,1.51918
2016-06-13,30.35247,1.52084
2016-06-14,30.31893,1.57136
2016-06-15,30.2854,1.66631
2016-06-16,30.25559,1.78006
2016-06-17,30.22578,1.93251
2016-06-18,30.19466,2.11217
2016-06-19,30.1983,1.94339
2016-06-20,30.20488,1.7831
2016-06-21,30.21147,1.65254
2016-06-22,30.21806,1.55917
2016-06-23,30.22464,1.50992
2016-06-24,30.23123,1.50912
2016-06-25,30.23781,1.55684
2016-06-26,30.2444,1.64886
2016-06-27,30.25099,1.77834
2016-06-28,30.25757,1.93777
2016-06-29,30.26416,2.12041
2016-06-30,30.25716,1.52592
2016-07-01,30.24618,2.12603
2016-07-02,30.23803,1.90512
2016-07-03,30.22987,1.72057
2016-07-04,30.22171,1.58511
2016-07-05,30.21356,1.51202
2016-07-06,30.2054,1.51037
2016-07-07,30.19724,1.58037
2016-07-08,30.18908,1.71328
2016-07-09,30.18093,1.89591
2016-07-10,30.17277,2.11541
2016-07-11,30.16992,1.69305
2016-07-12,30.16797,1.50255
2016-07-13,30.16601,1.67375
2016-07-14,30.16406,2.12081
2016-07-15,30.15979,2.12075
2016-07-16,30.14379,1.95115
2016-07-17,30.12779,1.80065
2016-07-18,30.11179,1.67441
2016-07-19,30.09579,1.57826
2016-07-20,30.07979,1.51792
2016-07-21,30.06379,1.49774
2016-07-22,30.04779,1.51931
2016-07-23,30.03179,1.58093
2016-07-24,30.01623,1.66888
2016-07-25,30.00066,1.79048
2016-07-26,29.9851,1.93941
2016-07-27,29.96953,2.10989
2016-07-28,29.94802,1.74821
2016-07-29,29.93117,1.52328
2016-07-30,29.91431,1.51759
2016-07-31,29.89746,1.73331
2016-08-01,29.8806,2.10338
2016-08-02,29.8809,1.82007
2016-08-03,29.8812,1.6166
2016-08-04,29.8815,1.52525
2016-08-05,29.88197,1.50812
2016-08-06,29.88244,1.61471
2016-08-07,29.88291,1.82344
2016-08-08,29.88338,2.10414
2016-08-09,29.88768,1.66685
2016-08-10,29.89198,1.49014
2016-08-11,29.89628,1.65946
2016-08-12,29.90057,2.09242
2016-08-13,29.90581,1.58283
2016-08-14,29.90814,1.57052
2016-08-15,29.91047,2.10564
2016-08-16,29.93016,1.6808
2016-08-17,29.95232,1.49349
2016-08-18,29.97448,1.66575
2016-08-19,29.99664,2.11133
2016-08-20,30.01601,1.67364
2016-08-21,30.03537,1.49819
2016-08-22,30.05474,1.66978
2016-08-23,30.0741,2.1052
2016-08-24,30.0995,1.87466
2016-08-25,30.12587,1.67475
2016-08-26,30.15224,1.54787
2016-08-27,30.17861,1.51249
2016-08-28,30.20498,1.5748
2016-08-29,30.23217,1.68405
2016-08-30,30.25937,1.87882
2016-08-31,30.28656,2.13583
2016-09-01,30.33222,2.13897
2016-09-02,30.37627,1.9467
2016-09-03,30.42032,1.78908
2016-09-04,30.46436,1.67593
2016-09-05,30.5084,1.5778
2016-09-06,30.55243,1.52913
2016-09-07,30.59646,1.53462
2016-09-08,30.64049,1.59372
2016-09-09,30.68452,1.70084
2016-09-10,30.72886,1.81218
2016-09-11,30.7732,1.97262
2016-09-12,30.81753,2.17131
2016-09-13,30.88028,1.62044
2016-09-14,30.94302,1.62656
2016-09-15,31.00577,2.18498
2016-09-16,31.06993,1.85785
2016-09-17,31.1341,1.63302
2016-09-18,31.19826,1.55549
2016-09-19,31.26243,1.64623
2016-09-20,31.32659,1.88102
2016-09-21,31.39076,2.21452
2016-09-22,31.44814,1.75222
2016-09-23,31.50553,1.57255
2016-09-24,31.56291,1.7641
2016-09-25,31.62029,2.2333
2016-09-26,31.66738,1.84251
2016-09-27,31.71448,1.61449
2016-09-28,31.76157,1.61952
2016-09-29,31.80866,1.8557
2016-09-30,31.85575,2.25143
2016-10-01,31.92632,2.25571
2016-10-02,31.99856,1.86116
2016-10-03,32.0708,1.63144
2016-10-04,32.14304,1.63746
2016-10-05,32.21527,1.87694
2016-10-06,32.28751,2.27739
2016-10-07,32.27574,1.93532
2016-10-08,32.26396,1.69706
2016-10-09,32.25219,1.60938
2016-10-10,32.24041,1.69582
2016-10-11,32.22864,1.93316
2016-10-12,32.21686,2.27463
2016-10-13,32.24423,1.70383
2016-10-14,32.2716,1.69615
2016-10-15,32.29897,2.25734
2016-10-16,32.31264,1.61211
2016-10-17,32.32631,2.26452
2016-10-18,32.33901,2.27444
2016-10-19,32.41049,2.09034
2016-10-20,32.48197,1.92977
2016-10-21,32.55344,1.79906
2016-10-22,32.62492,1.70508
2016-10-23,32.6964,1.6541
2016-10-24,32.76788,1.65012
2016-10-25,32.83633,1.66903
2016-10-26,32.90477,1.73394
2016-10-27,32.97322,1.83999
2016-10-28,33.04167,1.98058
2016-10-29,33.11011,2.14894
2016-10-30,33.17856,2.33908
2016-10-31,33.23927,1.65821
2016-11-01,33.29997,2.35103
2016-11-02,33.35477,1.86039
2016-11-03,33.40957,1.67018
2016-11-04,33.46438,1.87423
2016-11-05,33.51918,2.37292
2016-11-06,33.54276,2.0173
2016-11-07,33.56635,1.7719
2016-11-08,33.58993,1.68557
2016-11-09,33.61352,1.78158
2016-11-10,33.6371,2.03427
2016-11-11,33.66069,2.39455
2016-11-12,33.69746,2.20148
2016-11-13,33.73424,2.03137
2016-11-14,33.77102,1.89045
2016-11-15,33.80779,1.78564
2016-11-16,33.84457,1.72353
2016-11-17,33.88135,1.70879
2016-11-18,33.90349,1.73247
2016-11-19,33.92562,1.80289
2016-11-20,33.94776,1.9149
2016-11-21,33.96933,2.04037
2016-11-22,33.9909,2.2084
2016-11-23,34.01247,2.4101
2016-11-24,33.99316,2.04771
2016-11-25,33.97384,1.79422
2016-11-26,33.95453,1.69906
2016-11-27,33.93521,1.78772
2016-11-28,33.9159,2.03631
2016-11-29,33.89658,2.39556
2016-11-30,33.88456,1.69274
2016-12-01,33.87253,2.39222
2016-12-02,33.86684,1.89085
2016-12-03,33.86115,1.68991
2016-12-04,33.85545,1.88789
2016-12-05,33.84976,2.38755
2016-12-06,33.85071,2.02915
2016-12-07,33.85165,1.78013
2016-12-08,33.8526,1.68957
2016-12-09,33.85354,1.7818
2016-12-10,33.85449,2.03208
2016-12-11,33.85544,2.39128
2016-12-12,33.84446,2.03216
2016-12-13,33.83348,1.7822
2016-12-14,33.8225,1.69052
2016-12-15,33.81153,1.78172
2016-12-16,33.80055,2.03133
2016-12-17,33.78957,2.39022
2016-12-18,33.7909,1.9731
2016-12-19,33.79223,1.72613
2016-12-20,33.79356,1.72403
2016-12-21,33.79488,1.96759
2016-12-22,33.79621,2.38263
2016-12-23,33.80648,2.39462
2016-12-24,33.78649,2.03502
2016-12-25,33.7665,1.78476
2016-12-26,33.7465,1.69305
2016-12-27,33.72651,1.7845
2016-12-28,33.70651,2.03456
2016-12-29,33.68652,2.39404
2016-12-30,33.76292,1.78545
2016-12-31,33.83931,1.78856
2017-01-01,33.91571,2.401
2017-01-02,33.9897,2.38578
2017-01-03,34.05474,1.70299
2017-01-04,34.11979,2.40525
2017-01-05,34.1006,2.04371
2017-01-06,34.08142,1.7911
2017-01-07,34.06223,1.69682
2017-01-08,34.04305,1.78609
2017-01-09,34.02386,2.03492
2017-01-10,34.00468,2.39405
2017-01-11,34.01178,1.79276
2017-01-12,34.01888,1.78296
2017-01-13,34.02598,2.37199
2017-01-14,34.03408,1.78244
2017-01-15,34.04217,1.79031
2017-01-16,34.05027,2.38971
2017-01-17,34.03275,2.03054
2017-01-18,34.01523,1.77972
2017-01-19,33.99771,1.68631
2017-01-20,33.98019,1.77533
2017-01-21,33.96267,2.02284
2017-01-22,33.94515,2.37989
2017-01-23,34.00239,1.69897
2017-01-24,34.05962,2.3723
2017-01-25,34.11522,1.88492
2017-01-26,34.17082,1.70052
2017-01-27,34.22642,1.90902
2017-01-28,34.28202,2.41054
2017-01-29,34.34392,2.41652
2017-01-30,34.3464,1.80123
2017-01-31,34.34889,1.80143
2017-02-01,34.35137,2.41695
2017-02-02,34.35128,1.72009
2017-02-03,34.35118,2.40576
2017-02-04,34.35721,2.39986
2017-02-05,34.35986,1.9846
2017-02-06,34.36251,1.74236
2017-02-07,34.36515,1.74668
2017-02-08,34.3678,1.99595
2017-02-09,34.37044,2.4155
2017-02-10,34.33031,2.0522
2017-02-11,34.29017,1.79775
2017-02-12,34.25003,1.70172
2017-02-13,34.20989,1.78978
2017-02-14,34.16975,2.03821
2017-02-15,34.12961,2.39767
2017-02-16,34.11491,2.04667
2017-02-17,34.10033,1.79042
2017-02-18,34.08574,1.69268
2017-02-19,34.07115,1.77976
2017-02-20,34.05656,2.028
2017-02-21,34.04198,2.38765
2017-02-22,34.0261,2.0287
2017-02-23,34.01022,1.77776
2017-02-24,33.99434,1.68384
2017-02-25,33.97846,1.77209
2017-02-26,33.96258,2.01874
2017-02-27,33.94669,2.37496
2017-02-28,33.98231,1.68053
2017-03-01,34.01792,2.3783
2017-03-02,34.05997,1.8883
2017-03-03,34.10202,1.69291
2017-03-04,34.14406,1.88605
2017-03-05,34.18611,2.37473
2017-03-06,34.20359,2.02292
2017-03-07,34.22106,1.78113
2017-03-08,34.23854,1.69706
2017-03-09,34.25602,1.79304
2017-03-10,34.27349,2.04385
2017-03-11,34.29097,2.40146
2017-03-12,34.3075,1.89871
2017-03-13,34.32404,1.69893
2017-03-14,34.34057,1.90021
2017-03-15,34.35711,2.40383
2017-03-16,34.37111,1.70012
2017-03-17,34.38511,2.40482
2017-03-18,34.40618,2.04373
2017-03-19,34.42726,1.79255
2017-03-20,34.44833,1.70071
2017-03-21,34.46941,1.79285
2017-03-22,34.49049,2.04426
2017-03-23,34.51156,2.4055
2017-03-24,34.50216,2.04413
2017-03-25,34.49276,1.79227
2017-03-26,34.48336,1.69931
2017-03-27,34.47396,1.79019
2017-03-28,34.46456,2.0405
2017-03-29,34.45516,2.40087
2017-03-30,34.45978,1.78952
2017-03-31,34.4644,1.78959
2017-04-01,34.46901,2.40102
2017-04-02,34.47672,1.78965
2017-04-03,34.48442,1.78975
2017-04-04,34.49213,2.40124
2017-04-05,34.49331,2.18842
2017-04-06,34.4945,2.0047
2017-04-07,34.49568,1.85874
2017-04-08,34.49687,1.75996
2017-04-09,34.49805,1.71652
2017-04-10,34.49924,1.73259
2017-04-11,34.5132,1.76624
2017-04-12,34.52715,1.85674
2017-04-13,34.54111,1.99639
2017-04-14,34.55507,2.17574
2017-04-15,34.56903,2.38585
2017-04-16,34.59601,2.39474
2017-04-17,34.6074,2.03951
2017-04-18,34.61879,1.79215
2017-04-19,34.63018,1.7004
2017-04-20,34.64157,1.78836
2017-04-21,34.65296,2.03285
2017-04-22,34.66435,2.38622
2017-04-23,34.72247,1.97601
2017-04-24,34.78058,1.73939
2017-04-25,34.83869,1.74831
2017-04-26,34.8968,1.99948
2017-04-27,34.95492,2.41857
2017-04-28,35.02587,2.41042
2017-04-29,35.06584,1.80424
2017-04-30,35.10581,1.81298
2017-05-01,35.14578,2.43
2017-05-02,35.18848,2.16456
2017-05-03,35.23117,1.96173
2017-05-04,35.27387,1.8423
2017-05-05,35.32267,1.75035
2017-05-06,35.37146,1.74417
2017-05-07,35.42026,1.82463
2017-05-08,35.46905,1.9812
2017-05-09,35.51785,2.19768
2017-05-10,35.56664,2.45829
2017-05-11,35.60685,2.25476
2017-05-12,35.64707,2.07963
2017-05-13,35.68728,1.94062
2017-05-14,35.72749,1.84589
2017-05-15,35.7677,1.80244
2017-05-16,35.80502,1.78405
2017-05-17,35.83685,1.79412
2017-05-18,35.86869,1.85584
2017-05-19,35.90052,1.96433
2017-05-20,35.93235,2.11241
2017-05-21,35.96419,2.29241
2017-05-22,35.99602,2.49744
2017-05-23,36.01023,2.25345
2017-05-24,36.02444,2.05087
2017-05-25,36.03865,1.90297
2017-05-26,36.05286,1.8231
2017-05-27,36.06471,1.77214
2017-05-28,36.07656,1.83283
2017-05-29,36.09106,1.90808
2017-05-30,36.10556,2.05391
2017-05-31,36.12007,2.25666
2017-06-01,36.13457,2.50255
2017-06-02,36.13572,1.76922
2017-06-03,36.13688,2.50157
2017-06-04,36.16931,2.29344
2017-06-05,36.20174,2.12143
2017-06-06,36.23417,1.9949
2017-06-07,36.26745,1.87091
2017-06-08,36.30073,1.80533
2017-06-09,36.334,1.80453
2017-06-10,36.37066,1.82211
2017-06-11,36.40731,1.89021
2017-06-12,36.44396,2.00366
2017-06-13,36.48061,2.15533
2017-06-14,36.51726,2.33778
2017-06-15,36.55391,2.54441
2017-06-16,36.54892,2.52752
2017-06-17,36.53133,2.32645
2017-06-18,36.51343,2.12747
2017-06-19,36.49552,1.97232
2017-06-20,36.47762,1.87192
2017-06-21,36.45972,1.83528
2017-06-22,36.43794,1.81997
2017-06-23,36.41616,1.86712
2017-06-24,36.39438,1.97226
2017-06-25,36.3726,2.12681
2017-06-26,36.35082,2.32091
2017-06-27,36.32904,2.54553
2017-06-28,36.28728,2.02335
2017-06-29,36.245,1.79774
2017-06-30,36.20273,2.00164
2017-07-01,36.16046,2.53339
2017-07-02,36.13635,2.1981
2017-07-03,36.11224,1.95553
2017-07-04,36.09727,1.81124
2017-07-05,36.0823,1.80508
2017-07-06,36.06732,1.93837
2017-07-07,36.05235,2.18575
2017-07-08,36.03738,2.51376
2017-07-09,36.03002,2.52142
2017-07-10,36.0113,2.1425
2017-07-11,35.99258,1.87801
2017-07-12,35.97387,1.77972
2017-07-13,35.95515,1.87397
2017-07-14,35.93643,2.13541
2017-07-15,35.91772,2.51238
2017-07-16,35.9185,2.13508
2017-07-17,35.91929,1.87246
2017-07-18,35.92008,1.77614
2017-07-19,35.92087,1.87197
2017-07-20,35.92166,2.13423
2017-07-21,35.92244,2.51129
2017-07-22,35.92835,1.98963
2017-07-23,35.93426,1.77827
2017-07-24,35.94017,1.97924
2017-07-25,35.94608,2.49482
2017-07-26,35.96506,1.78669
2017-07-27,35.98404,2.51184
2017-07-28,35.99282,2.07156
2017-07-29,36.00159,1.8124
2017-07-30,36.01037,1.81375
2017-07-31,36.01915,2.0751
2017-08-01,36.02793,2.51672
2017-08-02,36.03913,2.51768
2017-08-03,36.04394,1.88442
2017-08-04,36.04874,1.87802
2017-08-05,36.05354,2.50329
2017-08-06,36.07736,2.07325
2017-08-07,36.10119,1.82859
2017-08-08,36.12501,1.8446
2017-08-09,36.15802,2.08583
2017-08-10,36.19103,2.51872
2017-08-11,36.24516,2.01062
2017-08-12,36.29992,1.79924
2017-08-13,36.35468,2.01385
2017-08-14,36.40943,2.54904
2017-08-15,36.46997,2.55371
2017-08-16,36.54003,2.16974
2017-08-17,36.61009,1.90676
2017-08-18,36.68015,1.81805
2017-08-19,36.75021,1.92783
2017-08-20,36.82027,2.20667
2017-08-21,36.91179,2.5734
2017-08-22,36.96015,2.13869
2017-08-23,37.00921,1.87007
2017-08-24,37.05827,1.87117
2017-08-25,37.10733,2.14157
2017-08-26,37.15639,2.59851
2017-08-27,37.15168,2.20828
2017-08-28,37.14698,1.93669
2017-08-29,37.14227,1.83711
2017-08-30,37.13757,1.93629
2017-08-31,37.13286,2.20759
2017-09-01,37.12815,2.59763
2017-09-02,37.17186,2.21515
2017-09-03,37.2421,1.94424
2017-09-04,37.31234,1.84855
2017-09-05,37.38258,1.95398
2017-09-06,37.45281,2.23222
2017-09-07,37.52305,2.62896
2017-09-08,37.51335,2.32142
2017-09-09,37.50365,2.07495
2017-09-10,37.49395,1.9133
2017-09-11,37.48426,1.85874
2017-09-12,37.47456,1.92042
2017-09-13,37.46486,2.08805
2017-09-14,37.4671,2.30974
2017-09-15,37.46935,2.61533
2017-09-16,37.4821,2.07013
2017-09-17,37.49485,1.85452
2017-09-18,37.5076,2.07395
2017-09-19,37.52035,2.62137
2017-09-20,37.4771,2.40822
2017-09-21,37.43386,2.2202
2017-09-22,37.39061,2.0642
2017-09-23,37.34736,1.94792
2017-09-24,37.30411,1.87877
2017-09-25,37.26087,1.86198
2017-09-26,37.23622,1.87119
2017-09-27,37.21157,1.93314
2017-09-28,37.18692,2.04305
2017-09-29,37.16227,2.19371
2017-09-30,37.13762,2.37739
2017-10-01,37.11297,2.58707
2017-10-02,37.11736,2.19862
2017-10-03,37.12176,1.92842
2017-10-04,37.12616,1.82965
2017-10-05,37.13055,1.92882
2017-10-06,37.13495,2.19931
2017-10-07,37.13935,2.58796
2017-10-08,37.15186,2.19946
2017-10-09,37.16437,1.92951
2017-10-10,37.17688,1.83128
2017-10-11,37.18939,1.93118
2017-10-12,37.2019,2.20239
2017-10-13,37.21441,2.59169
2017-10-14,37.19463,1.83708
2017-10-15,37.17485,2.57974
2017-10-16,37.15982,2.04265
2017-10-17,37.14478,1.8296
2017-10-18,37.12975,2.04455
2017-10-19,37.11471,2.58275
2017-10-20,37.09673,2.19458
2017-10-21,37.07875,1.92355
2017-10-22,37.06076,1.82268
2017-10-23,37.04278,1.91899
2017-10-24,37.0248,2.18659
2017-10-25,37.00681,2.57256
2017-10-26,36.97742,2.1858
2017-10-27,36.94803,1.91538
2017-10-28,36.91864,1.8141
2017-10-29,36.88925,1.90908
2017-10-30,36.85986,2.17475
2017-10-31,36.83047,2.55848
2017-11-01,36.79123,2.55611
2017-11-02,36.75481,2.10736
2017-11-03,36.71838,1.84111
2017-11-04,36.68196,1.83845
2017-11-05,36.64554,2.10037
2017-11-06,36.60912,2.54651
2017-11-07,36.59233,2.16394
2017-11-08,36.57555,1.89725
2017-11-09,36.55877,1.79874
2017-11-10,36.54198,1.89482
2017-11-11,36.5252,2.15968
2017-11-12,36.50842,2.54108
2017-11-13,36.4885,1.89333
2017-11-14,36.46859,1.89128
2017-11-15,36.44867,2.5365
2017-11-16,36.42039,1.88964
2017-11-17,36.3921,1.88677
2017-11-18,36.36382,2.53008
2017-11-19,36.33244,2.1498
2017-11-20,36.30106,1.88417
2017-11-21,36.26968,1.78515
2017-11-22,36.23831,1.87924
2017-11-23,36.20693,2.14115
2017-11-24,36.17555,2.51906
2017-11-25,36.16123,2.1406
2017-11-26,36.14691,1.87673
2017-11-27,36.13259,1.77919
2017-11-28,36.11828,1.87413
2017-11-29,36.10396,2.13603
2017-11-30,36.08964,2.51324
2017-12-01,36.05988,2.51158
2017-12-02,36.03656,2.07078
2017-12-03,36.01324,1.80965
2017-12-04,35.98992,1.80779
2017-12-05,35.96661,2.06592
2017-12-06,35.94329,2.5049
2017-12-07,35.91933,2.12841
2017-12-08,35.89537,1.86548
2017-12-09,35.87141,1.76752
2017-12-10,35.84746,1.86078
2017-12-11,35.8235,2.12017
2017-12-12,35.79954,2.49439
2017-12-13,35.75462,2.29085
2017-12-14,35.70971,2.11201
2017-12-15,35.66479,1.96462
2017-12-16,35.61988,1.85617
2017-12-17,35.57496,1.79376
2017-12-18,35.53005,1.78222
2017-12-19,35.49661,1.78935
2017-12-20,35.46317,1.84761
2017-12-21,35.42973,1.95244
2017-12-22,35.39629,2.09686
2017-12-23,35.36286,2.27333
2017-12-24,35.32942,2.47502
2017-12-25,35.29657,2.10294
2017-12-26,35.26371,1.84283
2017-12-27,35.23086,1.74549
2017-12-28,35.19801,1.83699
2017-12-29,35.16516,2.0927
2017-12-30,35.13231,2.46197
2017-12-31,35.09989,1.73892
2018-01-01,35.06748,2.45643
2018-01-02,35.03617,1.9411
2018-01-03,35.00487,1.73302
2018-01-04,34.97356,1.93404
2018-01-05,34.94225,2.44528
2018-01-06,34.93274,2.07792
2018-01-07,34.92323,1.82183
2018-01-08,34.91372,1.72725
2018-01-09,34.90421,1.81952
2018-01-10,34.8947,2.07387
2018-01-11,34.88519,2.44011
2018-01-12,34.87689,2.07336
2018-01-13,34.8686,1.81723
2018-01-14,34.8603,1.7218
2018-01-15,34.85201,1.81265
2018-01-16,34.84371,2.06533
2018-01-17,34.83542,2.42987
2018-01-18,34.81436,2.06421
2018-01-19,34.7933,1.80755
2018-01-20,34.77224,1.70971
2018-01-21,34.75119,1.79681
2018-01-22,34.73013,2.04537
2018-01-23,34.70907,2.40585
2018-01-24,34.6518,2.04383
2018-01-25,34.59452,1.78978
2018-01-26,34.53725,1.69304
2018-01-27,34.47997,1.77945
2018-01-28,34.4227,2.0257
2018-01-29,34.36542,2.38274
2018-01-30,34.3747,1.77594
2018-01-31,34.38399,1.77579
2018-02-01,34.39327,2.3824
2018-02-02,34.39872,1.77566
2018-02-03,34.40417,1.77543
2018-02-04,34.40962,2.38188
2018-02-05,34.38265,2.02372
2018-02-06,34.35569,1.77312
2018-02-07,34.32873,1.67895
2018-02-08,34.30176,1.76641
2018-02-09,34.2748,2.01195
2018-02-10,34.24784,2.36687
2018-02-11,34.24967,2.17163
2018-02-12,34.25149,2.00259
2018-02-13,34.25332,1.86688
2018-02-14,34.25515,1.77219
2018-02-15,34.25698,1.72529
2018-02-16,34.25894,1.70431
2018-02-17,34.26569,1.71222
2018-02-18,34.27243,1.76932
2018-02-19,34.27917,1.87113
2018-02-20,34.28592,2.01085
2018-02-21,34.29266,2.18122
2018-02-22,34.29941,2.37565
2018-02-23,34.25419,2.01837
2018-02-24,34.20898,1.76822
2018-02-25,34.16376,1.67395
2018-02-26,34.11855,1.76077
2018-02-27,34.07333,2.00529
2018-02-28,34.02812,2.35898
2018-03-01,34.03594,2.35909
2018-03-02,34.04876,1.9454
2018-03-03,34.06158,1.70139
2018-03-04,34.0744,1.70167
2018-03-05,34.08722,1.94614
2018-03-06,34.10005,2.3601
2018-03-07,34.08977,2.1688
2018-03-08,34.07949,2.0004
2018-03-09,34.06921,1.8611
2018-03-10,34.05893,1.75785
2018-03-11,34.04865,1.69723
2018-03-12,34.03837,1.68386
2018-03-13,34.02956,1.7023
2018-03-14,34.02074,1.76762
2018-03-15,34.01193,1.87492
2018-03-16,33.99955,1.99951
2018-03-17,33.98717,2.16472
2018-03-18,33.97479,2.36204
2018-03-19,33.92024,2.00654
2018-03-20,33.86569,1.7569
2018-03-21,33.81114,1.66152
2018-03-22,33.75658,1.74587
2018-03-23,33.70203,1.9872
2018-03-24,33.64748,2.33738
2018-03-25,33.62512,1.92875
2018-03-26,33.60276,1.68404
2018-03-27,33.58041,1.67665
2018-03-28,33.55805,1.90932
2018-03-29,33.53569,2.31064
2018-03-30,33.51929,2.3192
2018-03-31,33.51953,1.63992
2018-04-01,33.51978,2.31918
2018-04-02,33.51742,1.83351
2018-04-03,33.51506,1.64008
2018-04-04,33.5127,1.83382
2018-04-05,33.51034,2.31967
2018-04-06,33.5018,1.97142
2018-04-07,33.49325,1.72933
2018-04-08,33.48471,1.64109
2018-04-09,33.47617,1.73039
2018-04-10,33.46763,1.97327
2018-04-11,33.45909,2.32204
2018-04-12,33.46637,1.83595
2018-04-13,33.47366,1.64292
2018-04-14,33.48094,1.83773
2018-04-15,33.48823,2.32485
2018-04-16,33.52278,1.6539
2018-04-17,33.55733,2.32065
2018-04-18,33.52742,1.97394
2018-04-19,33.49752,1.73293
2018-04-20,33.46761,1.64475
2018-04-21,33.4377,1.73289
2018-04-22,33.40779,1.97387
2018-04-23,33.37789,2.32056
2018-04-24,33.38531,2.0485
2018-04-25,33.39274,1.83141
2018-04-26,33.40016,1.69059
2018-04-27,33.40758,1.64573
2018-04-28,33.41501,1.70444
2018-04-29,33.42243,1.85692
2018-04-30,33.44898,2.04245
2018-05-01,33.47552,2.3257
2018-05-02,33.5084,1.84985
2018-05-03,33.53704,1.64786
2018-05-04,33.56567,1.83976
2018-05-05,33.5943,2.3302
2018-05-06,33.57682,2.10779
2018-05-07,33.55934,1.9174
2018-05-08,33.54186,1.76938
2018-05-09,33.52438,1.675
2018-05-10,33.5069,1.64354
2018-05-11,33.48942,1.67852
2018-05-12,33.45997,1.75661
2018-05-13,33.43052,1.89402
2018-05-14,33.40107,2.07902
2018-05-15,33.37161,2.30016
2018-05-16,33.29509,1.62174
2018-05-17,33.21857,2.2868
2018-05-18,33.18324,1.93628
2018-05-19,33.14791,1.71683
2018-05-20,33.12223,1.61645
2018-05-21,33.09655,1.69443
2018-05-22,33.07086,1.92926
2018-05-23,33.04518,2.27284
2018-05-24,33.03906,1.93125
2018-05-25,33.03293,1.69275
2018-05-26,33.02681,1.604
2018-05-27,33.02069,1.68878
2018-05-28,33.01457,1.92428
2018-05-29,33.00844,2.26395
2018-05-30,33.01052,1.68699
2018-05-31,33.0126,1.68559
2018-06-01,33.01468,2.26083
2018-06-02,33.01162,1.68453
2018-06-03,33.00856,1.68274
2018-06-04,33.0055,2.25684
2018-06-05,32.9864,1.9176
2018-06-06,32.9673,1.68059
2018-06-07,32.9482,1.59214
2018-06-08,32.9291,1.67593
2018-06-09,32.91,1.90942
2018-06-10,32.8909,2.2464
2018-06-11,32.84572,1.85178
2018-06-12,32.80054,1.61692
2018-06-13,32.75536,1.61318
2018-06-14,32.71018,1.84197
2018-06-15,32.66499,2.23292
2018-06-16,32.66662,2.23452
2018-06-17,32.67362,1.89815
2018-06-18,32.68063,1.66584
2018-06-19,32.68763,1.58405
2018-06-20,32.69463,1.67499
2018-06-21,32.70164,1.91418
2018-06-22,32.71586,2.24414
2018-06-23,32.74444,1.90757
2018-06-24,32.77301,1.67457
2018-06-25,32.80159,1.59131
2018-06-26,32.83017,1.68021
2018-06-27,32.85874,1.91746
2018-06-28,32.88732,2.25675
2018-06-29,32.89784,1.68266
2018-06-30,32.90836,1.6844
2018-07-01,32.91889,2.26064
2018-07-02,32.93262,1.68571
2018-07-03,32.94635,1.6879
2018-07-04,32.96009,2.26553
2018-07-05,32.97458,1.92128
2018-07-06,32.98907,1.68998
2018-07-07,33.00356,1.62073
2018-07-08,33.01533,1.69428
2018-07-09,33.0271,1.92876
2018-07-10,33.03886,2.27493
2018-07-11,33.05231,1.87656
2018-07-12,33.06575,1.64322
2018-07-13,33.0792,1.64665
2018-07-14,33.09264,1.88556
2018-07-15,33.10608,2.2873
2018-07-16,33.09244,2.28743
2018-07-17,33.07722,1.94372
2018-07-18,33.06201,1.70397
2018-07-19,33.04679,1.61513
2018-07-20,33.03158,1.70102
2018-07-21,33.01636,1.93856
2018-07-22,33.00115,2.28085
2018-07-23,33.00214,1.93284
2018-07-24,33.00313,1.71187
2018-07-25,33.00271,1.6158
2018-07-26,33.00229,1.69749
2018-07-27,33.00187,1.93454
2018-07-28,33.00145,2.27897
2018-07-29,33.03047,1.80254
2018-07-30,33.05949,1.61531
2018-07-31,33.08852,1.80939
2018-08-01,33.11754,2.2898
2018-08-02,33.15501,1.62138
2018-08-03,33.19248,2.29615
2018-08-04,33.21642,1.95184
2018-08-05,33.24036,1.71369
2018-08-06,33.2643,1.62895
2018-08-07,33.28824,1.72042
2018-08-08,33.31217,1.96365
2018-08-09,33.33611,2.31119
2018-08-10,33.34657,1.96429
2018-08-11,33.35702,1.72337
2018-08-12,33.36747,1.63594
2018-08-13,33.37793,1.7255
2018-08-14,33.38838,1.96803
2018-08-15,33.39883,2.31595
2018-08-16,33.38809,1.96806
2018-08-17,33.37736,1.72565
2018-08-18,33.36662,1.63631
2018-08-19,33.35588,1.72398
2018-08-20,33.34515,1.96513
2018-08-21,33.33441,2.31222
2018-08-22,33.32223,1.96393
2018-08-23,33.31006,1.72172
2018-08-24,33.29788,1.63346
2018-08-25,33.2857,1.72299
2018-08-26,33.27352,1.96616
2018-08-27,33.26772,2.30665
2018-08-28,33.26277,1.72542
2018-08-29,33.25783,1.71529
2018-08-30,33.25288,2.28389
2018-08-31,33.25935,1.63864
2018-09-01,33.26581,2.30268
2018-09-02,33.26617,2.30209
2018-09-03,33.35668,1.95751
2018-09-04,33.44719,1.72092
2018-09-05,33.5377,1.63975
2018-09-06,33.6282,1.73595
2018-09-07,33.71871,1.98387
2018-09-08,33.80922,2.3357
2018-09-09,33.87806,1.66369
2018-09-10,33.94689,2.32724
2018-09-11,34.00203,1.85997
2018-09-12,34.05339,1.66716
2018-09-13,34.10475,1.86663
2018-09-14,34.15611,2.36098
2018-09-15,34.15635,2.36147
2018-09-16,34.14851,2.00485
2018-09-17,34.14067,1.75811
2018-09-18,34.13283,1.67067
2018-09-19,34.125,1.76634
2018-09-20,34.11716,2.01927
2018-09-21,34.11774,2.34977
2018-09-22,34.14225,1.9413
2018-09-23,34.16676,1.7036
2018-09-24,34.19127,1.70945
2018-09-25,34.21578,1.95667
2018-09-26,34.24029,2.37092
2018-09-27,34.28694,1.95736
2018-09-28,34.3336,1.71672
2018-09-29,34.38026,1.72305
2018-09-30,34.42692,1.97396
2018-10-01,34.47357,2.39375
2018-10-02,34.5197,2.40406
2018-10-03,34.57684,2.04407
2018-10-04,34.63398,1.79651
2018-10-05,34.69112,1.7109
2018-10-06,34.74826,1.81035
2018-10-07,34.8054,2.06834
2018-10-08,34.86254,2.43499
2018-10-09,34.90226,2.01043
2018-10-10,34.94197,1.75999
2018-10-11,34.98168,1.75962
2018-10-12,35.0214,2.00948
2018-10-13,35.06111,2.43368
2018-10-14,35.09772,2.44641
2018-10-15,35.14259,2.44889
2018-10-16,35.17827,2.02008
2018-10-17,35.21396,1.76901
2018-10-18,35.24965,1.77287
2018-10-19,35.28533,2.03021
2018-10-20,35.32102,2.4628
2018-10-21,35.34045,1.95243
2018-10-22,35.35989,1.74726
2018-10-23,35.37933,1.94634
2018-10-24,35.39876,2.45315
2018-10-25,35.41694,1.76018
2018-10-26,35.43512,2.47412
2018-10-27,35.47218,2.10299
2018-10-28,35.50923,1.8459
2018-10-29,35.54629,1.75372
2018-10-30,35.58334,1.85127
2018-10-31,35.6204,2.11242
2018-11-01,35.65746,2.48614
2018-11-02,35.65882,2.11288
2018-11-03,35.66017,1.85337
2018-11-04,35.66153,1.7587
2018-11-05,35.66289,1.85429
2018-11-06,35.66425,2.1145
2018-11-07,35.66561,2.48821
2018-11-08,35.65095,1.86366
2018-11-09,35.63628,1.85547
2018-11-10,35.62161,2.46976
2018-11-11,35.6009,1.85551
2018-11-12,35.58018,1.86445
2018-11-13,35.55946,2.48987
2018-11-14,35.54697,1.77218
2018-11-15,35.53448,2.47071
2018-11-16,35.4952,2.23953
2018-11-17,35.45593,2.04624
2018-11-18,35.41666,1.90245
2018-11-19,35.37738,1.81992
2018-11-20,35.32108,1.76864
2018-11-21,35.26477,1.79035
2018-11-22,35.20847,1.88253
2018-11-23,35.15216,2.03563
2018-11-24,35.09586,2.23717
2018-11-25,35.03955,2.47535
2018-11-26,35.04744,2.10371
2018-11-27,35.05532,1.84531
2018-11-28,35.0632,1.75102
2018-11-29,35.07108,1.84616
2018-11-30,35.07897,2.10521
2018-12-01,35.08685,2.47727
2018-12-02,35.06801,2.10504
2018-12-03,35.04917,1.84536
2018-12-04,35.03033,1.7491
2018-12-05,35.01148,1.84207
2018-12-06,34.99264,2.09928
2018-12-07,34.9738,2.46993
2018-12-08,35.00691,2.09919
2018-12-09,35.04002,1.84168
2018-12-10,35.07312,1.74818
2018-12-11,35.10623,1.8438
2018-12-12,35.13934,2.10291
2018-12-13,35.17244,2.47466
2018-12-14,35.2117,2.10328
2018-12-15,35.25096,1.8455
2018-12-16,35.29021,1.75221
2018-12-17,35.32947,1.84848
2018-12-18,35.36872,2.1085
2018-12-19,35.40798,2.48132
2018-12-20,35.35039,2.10768
2018-12-21,35.2928,1.84475
2018-12-22,35.23521,1.74335
2018-12-23,35.17762,1.83052
2018-12-24,35.12003,2.08273
2018-12-25,35.06244,2.44951
2018-12-26,35.0204,2.07986
2018-12-27,34.97836,1.82107
2018-12-28,34.93632,1.72384
2018-12-29,34.89428,1.81431
2018-12-30,34.85224,2.068
2018-12-31,34.8104,2.42455
2019-01-01,34.82964,2.07478
2019-01-02,34.85107,1.81505
2019-01-03,34.87251,1.71723
2019-01-04,34.89394,1.80782
2019-01-05,34.91538,2.06212
2019-01-06,34.93681,2.42926
2019-01-07,34.94708,2.06464
2019-01-08,34.95734,1.81142
2019-01-09,34.9676,1.71954
2019-01-10,34.97787,1.81368
2019-01-11,34.98813,2.06861
2019-01-12,34.99839,2.43432
2019-01-13,35.02393,2.06928
2019-01-14,35.04947,1.81672
2019-01-15,35.07501,1.72674
2019-01-16,35.10055,1.82355
2019-01-17,35.12609,2.08126
2019-01-18,35.15163,2.4496
2019-01-19,35.18058,2.08231
2019-01-20,35.20953,1.82833
2019-01-21,35.23848,1.73808
2019-01-22,35.26743,1.83585
2019-01-23,35.29638,2.09549
2019-01-24,35.32533,2.4664
2019-01-25,35.34494,2.09644
2019-01-26,35.36455,1.84022
2019-01-27,35.38416,1.74845
2019-01-28,35.40376,1.84583
2019-01-29,35.42337,2.10629
2019-01-30,35.44298,2.47894
2019-01-31,35.45565,1.75514
2019-02-01,35.46832,2.48533
2019-02-02,35.48355,1.96586
2019-02-03,35.49878,1.76204
2019-02-04,35.51402,1.97416
2019-02-05,35.52925,2.49845
2019-02-06,35.55115,2.29966
2019-02-07,35.57306,2.12315
2019-02-08,35.59496,1.9749
2019-02-09,35.61686,1.86167
2019-02-10,35.63876,1.79013
2019-02-11,35.66066,1.76534
2019-02-12,35.68256,1.78926
2019-02-13,35.70446,1.86
2019-02-14,35.72636,1.97253
2019-02-15,35.74826,2.12021
2019-02-16,35.77016,2.29626
2019-02-17,35.79206,2.4947
2019-02-18,35.77335,2.12003
2019-02-19,35.75464,1.8592
2019-02-20,35.73593,1.76346
2019-02-21,35.71722,1.85849
2019-02-22,35.69851,2.11879
2019-02-23,35.6798,2.49311
2019-02-24,35.6863,2.11911
2019-02-25,35.6928,1.85996
2019-02-26,35.6993,1.76693
2019-02-27,35.7058,1.86505
2019-02-28,35.7123,2.12804
2019-03-01,35.7188,2.5045
2019-03-02,35.77913,2.12904
2019-03-03,35.83947,1.86959
2019-03-04,35.89981,1.7777
2019-03-05,35.96014,1.87812
2019-03-06,36.02048,2.144
2019-03-07,36.08082,2.52357
2019-03-08,36.15026,2.14529
2019-03-09,36.2197,1.88403
2019-03-10,36.28914,1.79171
2019-03-11,36.35858,1.89321
2019-03-12,36.42803,2.1614
2019-03-13,36.49747,2.5441
2019-03-14,36.48737,2.16202
2019-03-15,36.47727,1.89601
2019-03-16,36.46716,1.79836
2019-03-17,36.45706,1.89527
2019-03-18,36.44696,2.16071
2019-03-19,36.43686,2.54243
2019-03-20,36.43327,2.16052
2019-03-21,36.42968,1.89443
2019-03-22,36.42609,1.79638
2019-03-23,36.42249,1.89267
2019-03-24,36.4189,2.15743
2019-03-25,36.41531,2.53849
2019-03-26,36.41864,2.1573
2019-03-27,36.42197,1.89208
2019-03-28,36.4253,1.79499
2019-03-29,36.42862,1.89209
2019-03-30,36.43195,2.15731
2019-03-31,36.43528,2.5385
2019-04-01,36.45279,2.54032
2019-04-02,36.46105,2.00864
2019-04-03,36.46932,1.7978
2019-04-04,36.47759,2.01136
2019-04-05,36.48586,2.54462
2019-04-06,36.50106,1.8345
2019-04-07,36.53145,2.5333
2019-04-08,36.55331,2.32925
2019-04-09,36.57386,2.1372
2019-04-10,36.59441,1.98133
2019-04-11,36.61497,1.87071
2019-04-12,36.63552,1.81364
2019-04-13,36.65607,1.81518
2019-04-14,36.67662,1.87518
2019-04-15,36.69717,1.98835
2019-04-16,36.71772,2.14631
2019-04-17,36.73828,2.34
2019-04-18,36.75883,2.56133
2019-04-19,36.71859,2.17646
2019-04-20,36.67835,1.90794
2019-04-21,36.63811,1.80838
2019-04-22,36.59788,1.90445
2019-04-23,36.55764,2.17034
2019-04-24,36.5174,2.55353
2019-04-25,36.44775,2.16926
2019-04-26,36.3781,1.89954
2019-04-27,36.30845,1.79671
2019-04-28,36.2388,1.88824
2019-04-29,36.16915,2.14944
2019-04-30,36.0995,2.52826
2019-05-01,36.08264,2.52575
2019-05-02,36.09039,2.08259
2019-05-03,36.09813,1.82045
2019-05-04,36.10588,1.81934
2019-05-05,36.11362,2.07966
2019-05-06,36.12137,2.52172
2019-05-07,36.11383,2.14292
2019-05-08,36.10629,1.87899
2019-05-09,36.09876,1.78172
2019-05-10,36.09122,1.87721
2019-05-11,36.08369,2.1398
2019-05-12,36.07615,2.51774
2019-05-13,36.13047,2.3111
2019-05-14,36.18479,2.13094
2019-05-15,36.23911,1.98449
2019-05-16,36.29343,1.87965
2019-05-17,36.34775,1.82361
2019-05-18,36.40207,1.82088
2019-05-19,36.44265,1.82592
2019-05-20,36.48322,1.88447
2019-05-21,36.5238,1.9918
2019-05-22,36.56438,2.14061
2019-05-23,36.60495,2.32292
2019-05-24,36.64553,2.53151
2019-05-25,36.68136,2.1519
2019-05-26,36.7172,1.88933
2019-05-27,36.75304,1.79586
2019-05-28,36.78888,1.89666
2019-05-29,36.82471,2.16478
2019-05-30,36.86055,2.54791
2019-05-31,36.90496,1.80505
2019-06-01,36.94937,2.55752
2019-06-02,36.98128,2.02317
2019-06-03,37.0132,1.81413
2019-06-04,37.04511,2.03334
2019-06-05,37.07703,2.57359
2019-06-06,37.13514,2.1881
2019-06-07,37.19326,1.92264
2019-06-08,37.25137,1.83021
2019-06-09,37.30948,1.93576
2019-06-10,37.3676,2.21112
2019-06-11,37.42571,2.60294
2019-06-12,37.46764,2.2072
2019-06-13,37.50958,1.95525
2019-06-14,37.54748,1.8515
2019-06-15,37.58539,1.95089
2019-06-16,37.62329,2.22639
2019-06-17,37.6612,2.62307
2019-06-18,37.65077,2.22921
2019-06-19,37.64034,1.95526
2019-06-20,37.62991,1.85513
2019-06-21,37.61948,1.95569
2019-06-22,37.60905,2.22996
2019-06-23,37.59861,2.62402
2019-06-24,37.60346,2.23561
2019-06-25,37.61176,1.95994
2019-06-26,37.62006,1.85924
2019-06-27,37.62836,1.96066
2019-06-28,37.63666,2.23687
2019-06-29,37.64496,2.63343
2019-06-30,37.66726,1.86198
2019-07-01,37.68956,2.63306
2019-07-02,37.70137,2.37442
2019-07-03,37.71318,2.16094
2019-07-04,37.72498,2.00709
2019-07-05,37.73679,1.9272
2019-07-06,37.73143,1.87202
2019-07-07,37.72606,1.89426
2019-07-08,37.7207,1.99135
2019-07-09,37.71534,2.15317
2019-07-10,37.70997,2.36648
2019-07-11,37.70461,2.61874
2019-07-12,37.82795,2.22712
2019-07-13,37.95129,1.95926
2019-07-14,38.07463,1.86914
2019-07-15,38.19797,1.98119
2019-07-16,38.32131,2.26558
2019-07-17,38.44465,2.66777
2019-07-18,38.52893,2.26845
2019-07-19,38.6132,1.99426
2019-07-20,38.69748,1.90016
2019-07-21,38.78176,2.0116
2019-07-22,38.86603,2.29888
2019-07-23,38.95031,2.70656
2019-07-24,38.91836,2.29971
2019-07-25,38.88641,2.0154
2019-07-26,38.85447,1.9092
2019-07-27,38.82252,2.00954
2019-07-28,38.79057,2.28943
2019-07-29,38.75862,2.69346
2019-07-30,38.70979,2.0069
2019-07-31,38.66097,2.00483
2019-08-01,38.61214,2.68884
2019-08-02,38.55677,2.00345
2019-08-03,38.5014,2.00136
2019-08-04,38.44602,2.68418
2019-08-05,38.47102,2.28143
2019-08-06,38.49602,2.00214
2019-08-07,38.52102,1.90149
2019-08-08,38.54602,2.00655
2019-08-09,38.57102,2.28916
2019-08-10,38.59602,2.69403
2019-08-11,38.64357,2.28767
2019-08-12,38.69112,2.01106
2019-08-13,38.73867,1.92109
2019-08-14,38.78921,2.02032
2019-08-15,38.83975,2.30392
2019-08-16,38.89029,2.7147
2019-08-17,38.89222,2.49292
2019-08-18,38.89415,2.29889
2019-08-19,38.89607,2.14019
2019-08-20,38.898,2.02513
2019-08-21,38.89992,1.96141
2019-08-22,38.90185,1.95405
2019-08-23,38.92763,1.96637
2019-08-24,38.95342,2.03454
2019-08-25,38.97921,2.15326
2019-08-26,39.00499,2.31477
2019-08-27,39.03078,2.51082
2019-08-28,39.05656,2.73399
2019-08-29,39.0374,2.16814
2019-08-30,39.01783,1.93586
2019-08-31,38.99827,2.16338
2019-09-01,38.9787,2.7384
2019-09-02,38.96586,1.9368
2019-09-03,38.95301,2.7397
2019-09-04,39.01153,2.32918
2019-09-05,39.07006,2.04607
2019-09-06,39.12858,1.94677
2019-09-07,39.1871,2.05806
2019-09-08,39.24563,2.35021
2019-09-09,39.30415,2.76652
2019-09-10,39.35585,2.35132
2019-09-11,39.40756,2.0631
2019-09-12,39.45926,1.95873
2019-09-13,39.51097,2.06627
2019-09-14,39.56267,2.35688
2019-09-15,39.61437,2.7736
2019-09-16,39.7005,2.35719
2019-09-17,39.78663,2.07011
2019-09-18,39.87276,1.96975
2019-09-19,39.9589,2.08327
2019-09-20,40.04503,2.38027
2019-09-21,40.12973,2.79632
2019-09-22,40.1283,2.37626
2019-09-23,40.12687,2.08352
2019-09-24,40.12543,1.97555
2019-09-25,40.124,2.0813
2019-09-26,40.12257,2.37237
2019-09-27,40.12113,2.79137
2019-09-28,40.09468,2.20585
2019-09-29,40.06822,1.96968
2019-09-30,40.04177,2.19849
2019-10-01,40.01531,2.77972
2019-10-02,39.96922,1.96293
2019-10-03,39.92314,2.77227
2019-10-04,39.9415,2.07444
2019-10-05,39.95987,2.06724
2019-10-06,39.97823,2.75608
2019-10-07,39.98544,2.07783
2019-10-08,39.99196,2.07489
2019-10-09,39.99848,2.77666
2019-10-10,40.00422,2.35996
2019-10-11,40.00997,2.07074
2019-10-12,40.01571,1.9661
2019-10-13,40.02146,2.07416
2019-10-14,40.0272,2.36595
2019-10-15,40.03294,2.7843
2019-10-16,40.05176,2.36671
2019-10-17,40.07058,2.07761
2019-10-18,40.0894,1.97427
2019-10-19,40.10822,2.08452
2019-10-20,40.12703,2.37884
2019-10-21,40.14585,2.79977
2019-10-22,40.15165,2.37603
2019-10-23,40.15744,2.09626
2019-10-24,40.164,1.98507
2019-10-25,40.17055,2.0907
2019-10-26,40.1771,2.38452
2019-10-27,40.18366,2.80805
2019-10-28,40.11201,2.31464
2019-10-29,40.04036,2.02064
2019-10-30,39.96872,2.01528
2019-10-31,39.89707,2.30058
2019-11-01,39.82542,2.78872
2019-11-02,39.75909,2.78512
2019-11-03,39.68764,2.36616
2019-11-04,39.61618,2.07254
2019-11-05,39.54472,1.96138
2019-11-06,39.47326,2.0624
2019-11-07,39.4018,2.34838
2019-11-08,39.33034,2.76246
2019-11-09,39.31594,2.2793
2019-11-10,39.30153,1.98953
2019-11-11,39.28713,1.97997
2019-11-12,39.27272,2.25418
2019-11-13,39.25832,2.72789
2019-11-14,39.25784,2.73775
2019-11-15,39.26198,2.32604
2019-11-16,39.26612,2.03787
2019-11-17,39.27025,1.9294
2019-11-18,39.27439,2.02966
2019-11-19,39.27853,2.31164
2019-11-20,39.28267,2.71939
2019-11-21,39.24808,2.15545
2019-11-22,39.21348,1.92463
2019-11-23,39.17889,2.13768
2019-11-24,39.1443,2.69118
2019-11-25,38.9068,2.68253
2019-11-26,38.8879,2.69605
2019-11-27,38.84636,2.22274
2019-11-28,38.80482,1.94197
2019-11-29,38.76328,1.93924
2019-11-30,38.72174,2.21559
2019-12-01,38.6802,2.68622
2019-12-02,38.6502,2.68518
2019-12-03,38.65,2.01215
2019-12-04,38.64981,2.00077
2019-12-05,38.64961,2.65955
2019-12-06,38.61396,1.99944
2019-12-07,38.57832,2.00639
2019-12-08,38.54267,2.6752
2019-12-09,38.49188,2.11983
2019-12-10,38.44109,1.8902
2019-12-11,38.3903,2.09626
2019-12-12,38.33951,2.63779
2019-12-13,38.34973,1.89755
2019-12-14,38.35995,2.66197
2019-12-15,38.32509,1.89552
2019-12-16,38.29023,2.63195
2019-12-17,38.22385,2.08877
2019-12-18,38.15747,1.87272
2019-12-19,38.09109,2.08795
2019-12-20,38.02471,2.63065
2019-12-21,37.94892,2.23423
2019-12-22,37.87312,1.9544
2019-12-23,37.79733,1.845
2019-12-24,37.72153,1.93515
2019-12-25,37.64573,2.20047
2019-12-26,37.56994,2.58761
2019-12-27,37.6483,2.57598
2019-12-28,37.57604,2.57171
2019-12-29,37.66912,2.04266
2019-12-30,37.76221,1.84404
2019-12-31,37.85529,2.0731
