Date,Discharge (Gt/yr),Error (Gt/yr),Coverage
2015-01-01,NaN,NaN,NaN
2015-01-02,NaN,NaN,NaN
2015-01-03,NaN,NaN,NaN
2015-01-04,NaN,NaN,NaN
2015-01-05,NaN,NaN,NaN
2015-01-06,NaN,NaN,NaN
2015-01-07,NaN,NaN,NaN
2015-01-08,NaN,NaN,NaN
2015-01-09,NaN,NaN,NaN
2015-01-10,NaN,NaN,NaN
2015-01-11,NaN,NaN,NaN
2015-01-12,NaN,NaN,NaN
2015-01-13,NaN,NaN,NaN
2015-01-14,NaN,NaN,NaN
2015-01-15,NaN,NaN,NaN
2015-01-16,NaN,NaN,NaN
2015-01-17,NaN,NaN,NaN
2015-01-18,NaN,NaN,NaN
2015-01-19,NaN,NaN,NaN
2015-01-20,NaN,NaN,NaN
2015-01-21,NaN,NaN,NaN
2015-01-22,NaN,NaN,NaN
2015-01-23,NaN,NaN,NaN
2015-01-24,NaN,NaN,NaN
2015-01-25,NaN,NaN,NaN
2015-01-26,NaN,NaN,NaN
2015-01-27,NaN,NaN,NaN
2015-01-28,NaN,NaN,NaN
2015-01-29,NaN,NaN,NaN
2015-01-30,NaN,NaN,NaN
2015-01-31,NaN,NaN,NaN
2015-02-01,NaN,NaN,NaN
2015-02-02,NaN,NaN,NaN
2015-02-03,NaN,NaN,NaN
2015-02-04,NaN,NaN,NaN
2015-02-05,NaN,NaN,NaN
2015-02-06,NaN,NaN,NaN
2015-02-07,NaN,NaN,NaN
2015-02-08,NaN,NaN,NaN
2015-02-09,NaN,NaN,NaN
2015-02-10,NaN,NaN,NaN
2015-02-11,NaN,NaN,NaN
2015-02-12,NaN,NaN,NaN
2015-02-13,NaN,NaN,NaN
2015-02-14,NaN,NaN,NaN
2015-02-15,NaN,NaN,NaN
2015-02-16,NaN,NaN,NaN
2015-02-17,NaN,NaN,NaN
2015-02-18,NaN,NaN,NaN
2015-02-19,NaN,NaN,NaN
2015-02-20,NaN,NaN,NaN
2015-02-21,NaN,NaN,NaN
2015-02-22,NaN,NaN,NaN
2015-02-23,NaN,NaN,NaN
2015-02-24,NaN,NaN,NaN
2015-02-25,NaN,NaN,NaN
2015-02-26,NaN,NaN,NaN
2015-02-27,NaN,NaN,NaN
2015-02-28,NaN,NaN,NaN
2015-03-01,NaN,NaN,NaN
2015-03-02,NaN,NaN,NaN
2015-03-03,NaN,NaN,NaN
2015-03-04,NaN,NaN,NaN
2015-03-05,NaN,NaN,NaN
2015-03-06,NaN,NaN,NaN
2015-03-07,NaN,NaN,NaN
2015-03-08,NaN,NaN,NaN
2015-03-09,NaN,NaN,NaN
2015-03-10,NaN,NaN,NaN
2015-03-11,NaN,NaN,NaN
2015-03-12,NaN,NaN,NaN
2015-03-13,NaN,NaN,NaN
2015-03-14,NaN,NaN,NaN
2015-03-15,NaN,NaN,NaN
2015-03-16,NaN,NaN,NaN
2015-03-17,NaN,NaN,NaN
2015-03-18,NaN,NaN,NaN
2015-03-19,NaN,NaN,NaN
2015-03-20,NaN,NaN,NaN
2015-03-21,NaN,NaN,NaN
2015-03-22,NaN,NaN,NaN
2015-03-23,NaN,NaN,NaN
2015-03-24,NaN,NaN,NaN
2015-03-25,NaN,NaN,NaN
2015-03-26,NaN,NaN,NaN
2015-03-27,NaN,NaN,NaN
2015-03-28,NaN,NaN,NaN
2015-03-29,NaN,NaN,NaN
2015-03-30,NaN,NaN,NaN
2015-03-31,NaN,NaN,NaN
2015-04-01,NaN,NaN,NaN
2015-04-02,NaN,NaN,NaN
2015-04-03,NaN,NaN,NaN
2015-04-04,NaN,NaN,NaN
2015-04-05,NaN,NaN,NaN
2015-04-06,NaN,NaN,NaN
2015-04-07,NaN,NaN,NaN
2015-04-08,NaN,NaN,NaN
2015-04-09,NaN,NaN,NaN
2015-04-10,NaN,NaN,NaN
2015-04-11,NaN,NaN,NaN
2015-04-12,NaN,NaN,NaN
2015-04-13,NaN,NaN,NaN
2015-04-14,NaN,NaN,NaN
2015-04-15,NaN,NaN,NaN
2015-04-16,NaN,NaN,NaN
2015-04-17,NaN,NaN,NaN
2015-04-18,NaN,NaN,NaN
2015-04-19,NaN,NaN,NaN
2015-04-20,NaN,NaN,NaN
2015-04-21,NaN,NaN,NaN
2015-04-22,NaN,NaN,NaN
2015-04-23,NaN,NaN,NaN
2015-04-24,NaN,NaN,NaN
2015-04-25,NaN,NaN,NaN
2015-04-26,NaN,NaN,NaN
2015-04-27,NaN,NaN,NaN
2015-04-28,NaN,NaN,NaN
2015-04-29,NaN,NaN,NaN
2015-04-30,NaN,NaN,NaN
2015-05-01,NaN,NaN,NaN
2015-05-02,NaN,NaN,NaN
2015-05-03,NaN,NaN,NaN
2015-05-04,NaN,NaN,NaN
2015-05-05,NaN,NaN,NaN
2015-05-06,NaN,NaN,NaN
2015-05-07,NaN,NaN,NaN
2015-05-08,NaN,NaN,NaN
2015-05-09,NaN,NaN,NaN
2015-05-10,NaN,NaN,NaN
2015-05-11,NaN,NaN,NaN
2015-05-12,NaN,NaN,NaN
2015-05-13,NaN,NaN,NaN
2015-05-14,NaN,NaN,NaN
2015-05-15,NaN,NaN,NaN
2015-05-16,NaN,NaN,NaN
2015-05-17,NaN,NaN,NaN
2015-05-18,NaN,NaN,NaN
2015-05-19,NaN,NaN,NaN
2015-05-20,NaN,NaN,NaN
2015-05-21,NaN,NaN,NaN
2015-05-22,NaN,NaN,NaN
2015-05-23,NaN,NaN,NaN
2015-05-24,NaN,NaN,NaN
2015-05-25,NaN,NaN,NaN
2015-05-26,NaN,NaN,NaN
2015-05-27,NaN,NaN,NaN
2015-05-28,NaN,NaN,NaN
2015-05-29,NaN,NaN,NaN
2015-05-30,NaN,NaN,NaN
2015-05-31,NaN,NaN,NaN
2015-06-01,NaN,NaN,NaN
2015-06-02,NaN,NaN,NaN
2015-06-03,NaN,NaN,NaN
2015-06-04,NaN,NaN,NaN
2015-06-05,NaN,NaN,NaN
2015-06-06,NaN,NaN,NaN
2015-06-07,NaN,NaN,NaN
2015-06-08,NaN,NaN,NaN
2015-06-09,NaN,NaN,NaN
2015-06-10,NaN,NaN,NaN
2015-06-11,NaN,NaN,NaN
2015-06-12,NaN,NaN,NaN
2015-06-13,NaN,NaN,NaN
2015-06-14,NaN,NaN,NaN
2015-06-15,NaN,NaN,NaN
2015-06-16,NaN,NaN,NaN
2015-06-17,NaN,NaN,NaN
2015-06-18,NaN,NaN,NaN
2015-06-19,NaN,NaN,NaN
2015-06-20,NaN,NaN,NaN
2015-06-21,NaN,NaN,NaN
2015-06-22,NaN,NaN,NaN
2015-06-23,NaN,NaN,NaN
2015-06-24,NaN,NaN,NaN
2015-06-25,NaN,NaN,NaN
2015-06-26,NaN,NaN,NaN
2015-06-27,NaN,NaN,NaN
2015-06-28,NaN,NaN,NaN
2015-06-29,NaN,NaN,NaN
2015-06-30,NaN,NaN,NaN
2015-07-01,0.03969,0.01315,1.0
2015-07-02,0.03977,0.01274,1.0
2015-07-03,0.03985,0.01234,1.0
2015-07-04,0.03992,0.01196,1.0
2015-07-05,0.04,0.0116,1.0
2015-07-06,0.04008,0.01126,1.0
2015-07-07,0.04015,0.01095,1.0
2015-07-08,0.04023,0.01066,1.0
2015-07-09,0.04031,0.01041,1.0
2015-07-10,0.04038,0.01018,1.0
2015-07-11,0.04046,0.00999,1.0
2015-07-12,0.04054,0.00983,1.0
2015-07-13,0.04061,0.00971,1.0
2015-07-14,0.04069,0.00963,1.0
2015-07-15,0.04077,0.00959,1.0
2015-07-16,0.04084,0.00959,1.0
2015-07-17,0.04092,0.00962,1.0
2015-07-18,0.041,0.0097,1.0
2015-07-19,0.04107,0.00982,1.0
2015-07-20,0.04115,0.00997,1.0
2015-07-21,0.04123,0.01016,1.0
2015-07-22,0.0413,0.01038,1.0
2015-07-23,0.04138,0.01064,1.0
2015-07-24,0.04146,0.01092,1.0
2015-07-25,0.04153,0.01123,1.0
2015-07-26,0.04161,0.01156,1.0
2015-07-27,0.04169,0.01192,1.0
2015-07-28,0.04176,0.0123,1.0
2015-07-29,0.04184,0.0127,1.0
2015-07-30,0.04192,0.01311,1.0
2015-07-31,0.042,0.01354,1.0
2015-08-01,0.04207,0.01399,1.0
2015-08-02,0.04207,0.01354,1.0
2015-08-03,0.04207,0.01312,1.0
2015-08-04,0.04207,0.01271,1.0
2015-08-05,0.04207,0.01233,1.0
2015-08-06,0.04207,0.01197,1.0
2015-08-07,0.04207,0.01163,1.0
2015-08-08,0.04207,0.01132,1.0
2015-08-09,0.04208,0.01104,1.0
2015-08-10,0.04208,0.0108,1.0
2015-08-11,0.04208,0.01059,1.0
2015-08-12,0.04208,0.01041,1.0
2015-08-13,0.04208,0.01028,1.0
2015-08-14,0.04208,0.01018,1.0
2015-08-15,0.04208,0.01013,1.0
2015-08-16,0.04208,0.01012,1.0
2015-08-17,0.04208,0.01015,1.0
2015-08-18,0.04208,0.01022,1.0
2015-08-19,0.04208,0.01033,1.0
2015-08-20,0.04208,0.01048,1.0
2015-08-21,0.04208,0.01067,1.0
2015-08-22,0.04208,0.0109,1.0
2015-08-23,0.04208,0.01116,1.0
2015-08-24,0.04208,0.01145,1.0
2015-08-25,0.04208,0.01177,1.0
2015-08-26,0.04208,0.01212,1.0
2015-08-27,0.04208,0.01249,1.0
2015-08-28,0.04208,0.01289,1.0
2015-08-29,0.04208,0.0133,1.0
2015-08-30,0.04208,0.01373,1.0
2015-08-31,0.04208,0.01418,1.0
2015-09-01,0.04208,0.01465,1.0
2015-09-02,0.04187,0.01417,1.0
2015-09-03,0.04166,0.0137,1.0
2015-09-04,0.04144,0.01325,1.0
2015-09-05,0.04123,0.01281,1.0
2015-09-06,0.04101,0.01239,1.0
2015-09-07,0.0408,0.01199,1.0
2015-09-08,0.04058,0.01162,1.0
2015-09-09,0.04037,0.01127,1.0
2015-09-10,0.04015,0.01094,1.0
2015-09-11,0.03994,0.01065,1.0
2015-09-12,0.03972,0.01039,1.0
2015-09-13,0.03951,0.01016,1.0
2015-09-14,0.03929,0.00997,1.0
2015-09-15,0.03908,0.00981,1.0
2015-09-16,0.03887,0.0097,1.0
2015-09-17,0.03865,0.00963,1.0
2015-09-18,0.03844,0.00961,1.0
2015-09-19,0.03822,0.00963,1.0
2015-09-20,0.03801,0.00969,1.0
2015-09-21,0.03779,0.00979,1.0
2015-09-22,0.03758,0.00994,1.0
2015-09-23,0.03736,0.01012,1.0
2015-09-24,0.03715,0.01034,1.0
2015-09-25,0.03693,0.0106,1.0
2015-09-26,0.03672,0.01089,1.0
2015-09-27,0.0365,0.0112,1.0
2015-09-28,0.03629,0.01155,1.0
2015-09-29,0.03607,0.01192,1.0
2015-09-30,0.03586,0.01232,1.0
2015-10-01,0.03565,0.01273,1.0
2015-10-02,0.03566,0.01266,0.9992
2015-10-03,0.03567,0.01259,0.9984
2015-10-04,0.03569,0.01252,0.9976
2015-10-05,0.0357,0.01245,0.99681
2015-10-06,0.03571,0.01239,0.99601
2015-10-07,0.03573,0.01232,0.99521
2015-10-08,0.03574,0.01225,0.99441
2015-10-09,0.03575,0.01219,0.99361
2015-10-10,0.03577,0.01212,0.99281
2015-10-11,0.03578,0.01205,0.99202
2015-10-12,0.0358,0.01199,0.99122
2015-10-13,0.03581,0.01192,0.99042
2015-10-14,0.03582,0.01186,0.98962
2015-10-15,0.03584,0.0118,0.98882
2015-10-16,0.03585,0.01173,0.98802
2015-10-17,0.03586,0.01167,0.98723
2015-10-18,0.03588,0.01161,0.98643
2015-10-19,0.03589,0.01155,0.98563
2015-10-20,0.0359,0.01148,0.98483
2015-10-21,0.03592,0.01142,0.98403
2015-10-22,0.03593,0.01136,0.98323
2015-10-23,0.03595,0.0113,0.98244
2015-10-24,0.03596,0.01124,0.98164
2015-10-25,0.03597,0.01118,0.98084
2015-10-26,0.03599,0.01113,0.98004
2015-10-27,0.036,0.01107,0.97924
2015-10-28,0.03601,0.01101,0.97844
2015-10-29,0.03603,0.01096,0.97765
2015-10-30,0.03604,0.0109,0.97685
2015-10-31,0.03605,0.01084,0.97605
2015-11-01,0.03607,0.01079,0.97525
2015-11-02,0.03608,0.01074,0.97445
2015-11-03,0.0361,0.01068,0.97365
2015-11-04,0.03611,0.01063,0.97285
2015-11-05,0.03612,0.01058,0.97206
2015-11-06,0.03614,0.01053,0.97126
2015-11-07,0.03615,0.01047,0.97046
2015-11-08,0.03616,0.01042,0.96966
2015-11-09,0.03618,0.01037,0.96886
2015-11-10,0.03619,0.01033,0.96806
2015-11-11,0.0362,0.01028,0.96727
2015-11-12,0.03622,0.01023,0.96647
2015-11-13,0.03623,0.01018,0.96567
2015-11-14,0.03625,0.01014,0.96487
2015-11-15,0.03626,0.01009,0.96407
2015-11-16,0.03627,0.01005,0.96327
2015-11-17,0.03629,0.01,0.96248
2015-11-18,0.0363,0.00996,0.96168
2015-11-19,0.03631,0.00992,0.96088
2015-11-20,0.03633,0.00988,0.96008
2015-11-21,0.03634,0.00984,0.95928
2015-11-22,0.03635,0.0098,0.95848
2015-11-23,0.03637,0.00976,0.95769
2015-11-24,0.03638,0.00972,0.95689
2015-11-25,0.0364,0.00968,0.95609
2015-11-26,0.03641,0.00965,0.95529
2015-11-27,0.03642,0.00961,0.95449
2015-11-28,0.03644,0.00958,0.95369
2015-11-29,0.03645,0.00954,0.9529
2015-11-30,0.03646,0.00951,0.9521
2015-12-01,0.03648,0.00948,0.9513
2015-12-02,0.03649,0.00945,0.9505
2015-12-03,0.0365,0.00942,0.9497
2015-12-04,0.03652,0.00939,0.9489
2015-12-05,0.03653,0.00936,0.9481
2015-12-06,0.03654,0.00933,0.94731
2015-12-07,0.03656,0.00931,0.94651
2015-12-08,0.03657,0.00928,0.94571
2015-12-09,0.03659,0.00926,0.94491
2015-12-10,0.0366,0.00924,0.94411
2015-12-11,0.03661,0.00921,0.94331
2015-12-12,0.03663,0.00919,0.94252
2015-12-13,0.03664,0.00917,0.94172
2015-12-14,0.03665,0.00915,0.94092
2015-12-15,0.03667,0.00913,0.94012
2015-12-16,0.03668,0.00912,0.93932
2015-12-17,0.03669,0.0091,0.93852
2015-12-18,0.03671,0.00909,0.93773
2015-12-19,0.03672,0.00907,0.93693
2015-12-20,0.03674,0.00906,0.93613
2015-12-21,0.03675,0.00905,0.93533
2015-12-22,0.03676,0.00903,0.93453
2015-12-23,0.03678,0.00902,0.93373
2015-12-24,0.03679,0.00902,0.93294
2015-12-25,0.0368,0.00901,0.93214
2015-12-26,0.03682,0.009,0.93134
2015-12-27,0.03683,0.009,0.93054
2015-12-28,0.03684,0.00899,0.92974
2015-12-29,0.03686,0.00899,0.92894
2015-12-30,0.03687,0.00898,0.92815
2015-12-31,0.03689,0.00898,0.92735
2016-01-01,0.0369,0.00898,0.92655
2016-01-02,0.03691,0.00898,0.92575
2016-01-03,0.03693,0.00899,0.92495
2016-01-04,0.03694,0.00899,0.92415
2016-01-05,0.03695,0.00899,0.92335
2016-01-06,0.03697,0.009,0.92256
2016-01-07,0.03698,0.009,0.92176
2016-01-08,0.03699,0.00901,0.92096
2016-01-09,0.03701,0.00902,0.92016
2016-01-10,0.03702,0.00903,0.91936
2016-01-11,0.03704,0.00904,0.91856
2016-01-12,0.03705,0.00905,0.91777
2016-01-13,0.03706,0.00906,0.91697
2016-01-14,0.03708,0.00907,0.91617
2016-01-15,0.03709,0.00909,0.91537
2016-01-16,0.0371,0.0091,0.91457
2016-01-17,0.03712,0.00912,0.91377
2016-01-18,0.03713,0.00914,0.91298
2016-01-19,0.03714,0.00916,0.91218
2016-01-20,0.03716,0.00918,0.91138
2016-01-21,0.03717,0.0092,0.91058
2016-01-22,0.03719,0.00922,0.90978
2016-01-23,0.0372,0.00924,0.90898
2016-01-24,0.03721,0.00927,0.90819
2016-01-25,0.03723,0.00929,0.90739
2016-01-26,0.03724,0.00932,0.90659
2016-01-27,0.03725,0.00934,0.90579
2016-01-28,0.03727,0.00937,0.90499
2016-01-29,0.03728,0.0094,0.90419
2016-01-30,0.03729,0.00943,0.9034
2016-01-31,0.03731,0.00946,0.9026
2016-02-01,0.03732,0.00949,0.9018
2016-02-02,0.03734,0.00952,0.901
2016-02-03,0.03735,0.00955,0.9002
2016-02-04,0.03736,0.00959,0.8994
2016-02-05,0.03738,0.00962,0.8986
2016-02-06,0.03739,0.00966,0.89781
2016-02-07,0.0374,0.00969,0.89701
2016-02-08,0.03742,0.00973,0.89621
2016-02-09,0.03743,0.00977,0.89541
2016-02-10,0.03744,0.00981,0.89461
2016-02-11,0.03746,0.00985,0.89381
2016-02-12,0.03747,0.00989,0.89302
2016-02-13,0.03749,0.00993,0.89222
2016-02-14,0.0375,0.00997,0.89142
2016-02-15,0.03751,0.01002,0.89062
2016-02-16,0.03753,0.01006,0.88982
2016-02-17,0.03754,0.0101,0.88902
2016-02-18,0.03755,0.01015,0.88823
2016-02-19,0.03757,0.0102,0.88743
2016-02-20,0.03758,0.01024,0.88663
2016-02-21,0.03759,0.01029,0.88583
2016-02-22,0.03761,0.01034,0.88503
2016-02-23,0.03762,0.01039,0.88423
2016-02-24,0.03763,0.01044,0.88344
2016-02-25,0.03765,0.01049,0.88264
2016-02-26,0.03766,0.01054,0.88184
2016-02-27,0.03768,0.01059,0.88104
2016-02-28,0.03769,0.01064,0.88024
2016-02-29,0.0377,0.01069,0.87944
2016-03-01,0.03772,0.01075,0.87865
2016-03-02,0.03773,0.0108,0.87785
2016-03-03,0.03774,0.01086,0.87705
2016-03-04,0.03776,0.01091,0.87625
2016-03-05,0.03777,0.01097,0.87545
2016-03-06,0.03778,0.01103,0.87465
2016-03-07,0.0378,0.01108,0.87385
2016-03-08,0.03781,0.01114,0.87306
2016-03-09,0.03783,0.0112,0.87226
2016-03-10,0.03784,0.01126,0.87146
2016-03-11,0.03785,0.01132,0.87066
2016-03-12,0.03787,0.01138,0.86986
2016-03-13,0.03788,0.01144,0.86906
2016-03-14,0.03789,0.0115,0.86827
2016-03-15,0.03791,0.01156,0.86747
2016-03-16,0.03792,0.01162,0.86667
2016-03-17,0.03793,0.01168,0.86587
2016-03-18,0.03795,0.01175,0.86507
2016-03-19,0.03796,0.01181,0.86427
2016-03-20,0.03798,0.01188,0.86348
2016-03-21,0.03799,0.01194,0.86268
2016-03-22,0.038,0.012,0.86188
2016-03-23,0.03802,0.01207,0.86108
2016-03-24,0.03803,0.01214,0.86028
2016-03-25,0.03804,0.0122,0.85948
2016-03-26,0.03806,0.01227,0.85869
2016-03-27,0.03807,0.01234,0.85789
2016-03-28,0.03808,0.0124,0.85709
2016-03-29,0.0381,0.01247,0.85629
2016-03-30,0.03811,0.01254,0.85549
2016-03-31,0.03813,0.01261,0.85469
2016-04-01,0.03814,0.01268,0.8539
2016-04-02,0.03812,0.01245,0.85291
2016-04-03,0.03811,0.01223,0.85192
2016-04-04,0.03809,0.01202,0.85093
2016-04-05,0.03807,0.01181,0.84994
2016-04-06,0.03806,0.0116,0.84895
2016-04-07,0.03804,0.0114,0.84796
2016-04-08,0.03802,0.0112,0.84697
2016-04-09,0.03801,0.01101,0.84598
2016-04-10,0.03799,0.01083,0.84499
2016-04-11,0.03798,0.01065,0.844
2016-04-12,0.03796,0.01048,0.84301
2016-04-13,0.03794,0.01032,0.84202
2016-04-14,0.03793,0.01016,0.84103
2016-04-15,0.03791,0.01002,0.84004
2016-04-16,0.03789,0.00988,0.83905
2016-04-17,0.03788,0.00974,0.83806
2016-04-18,0.03786,0.00962,0.83707
2016-04-19,0.03784,0.00951,0.83608
2016-04-20,0.03783,0.0094,0.83509
2016-04-21,0.03781,0.00931,0.8341
2016-04-22,0.0378,0.00922,0.83311
2016-04-23,0.03778,0.00915,0.83212
2016-04-24,0.03776,0.00909,0.83113
2016-04-25,0.03775,0.00904,0.83014
2016-04-26,0.03773,0.00899,0.82915
2016-04-27,0.03771,0.00896,0.82816
2016-04-28,0.0377,0.00894,0.82717
2016-04-29,0.03768,0.00894,0.82618
2016-04-30,0.03766,0.00894,0.82519
2016-05-01,0.03765,0.00896,0.8242
2016-05-02,0.03763,0.00898,0.82321
2016-05-03,0.03761,0.00902,0.82222
2016-05-04,0.0376,0.00907,0.82123
2016-05-05,0.03758,0.00913,0.82024
2016-05-06,0.03757,0.0092,0.81925
2016-05-07,0.03755,0.00928,0.81826
2016-05-08,0.03753,0.00937,0.81727
2016-05-09,0.03752,0.00947,0.81628
2016-05-10,0.0375,0.00958,0.81529
2016-05-11,0.03748,0.0097,0.8143
2016-05-12,0.03747,0.00983,0.81331
2016-05-13,0.03745,0.00997,0.81232
2016-05-14,0.03743,0.01011,0.81133
2016-05-15,0.03742,0.01027,0.81034
2016-05-16,0.0374,0.01043,0.80935
2016-05-17,0.03739,0.01059,0.80836
2016-05-18,0.03737,0.01077,0.80737
2016-05-19,0.03735,0.01095,0.80638
2016-05-20,0.03734,0.01114,0.80539
2016-05-21,0.03732,0.01133,0.8044
2016-05-22,0.0373,0.01153,0.80341
2016-05-23,0.03729,0.01173,0.80242
2016-05-24,0.03727,0.01194,0.80143
2016-05-25,0.03725,0.01216,0.80044
2016-05-26,0.03724,0.01238,0.79945
2016-05-27,0.03722,0.0126,0.79846
2016-05-28,0.03726,0.01239,0.79936
2016-05-29,0.03731,0.01219,0.80026
2016-05-30,0.03735,0.012,0.80116
2016-05-31,0.03739,0.01181,0.80205
2016-06-01,0.03744,0.01162,0.80295
2016-06-02,0.03748,0.01144,0.80385
2016-06-03,0.03752,0.01126,0.80475
2016-06-04,0.03757,0.01109,0.80565
2016-06-05,0.03761,0.01092,0.80655
2016-06-06,0.03765,0.01076,0.80745
2016-06-07,0.0377,0.01061,0.80835
2016-06-08,0.03774,0.01046,0.80925
2016-06-09,0.03778,0.01032,0.81015
2016-06-10,0.03783,0.01019,0.81105
2016-06-11,0.03787,0.01006,0.81195
2016-06-12,0.03791,0.00995,0.81285
2016-06-13,0.03796,0.00984,0.81374
2016-06-14,0.038,0.00973,0.81464
2016-06-15,0.03804,0.00964,0.81554
2016-06-16,0.03809,0.00956,0.81644
2016-06-17,0.03813,0.00948,0.81734
2016-06-18,0.03817,0.00941,0.81824
2016-06-19,0.03822,0.00936,0.81914
2016-06-20,0.03826,0.00931,0.82004
2016-06-21,0.0383,0.00927,0.82094
2016-06-22,0.03835,0.00924,0.82184
2016-06-23,0.03839,0.00922,0.82274
2016-06-24,0.03843,0.00921,0.82364
2016-06-25,0.03848,0.00922,0.82454
2016-06-26,0.03852,0.00923,0.82544
2016-06-27,0.03856,0.00925,0.82633
2016-06-28,0.03861,0.00928,0.82723
2016-06-29,0.03865,0.00932,0.82813
2016-06-30,0.03869,0.00937,0.82903
2016-07-01,0.03874,0.00943,0.82993
2016-07-02,0.03878,0.0095,0.83083
2016-07-03,0.03882,0.00958,0.83173
2016-07-04,0.03886,0.00966,0.83263
2016-07-05,0.03891,0.00976,0.83353
2016-07-06,0.03895,0.00986,0.83443
2016-07-07,0.03899,0.00998,0.83533
2016-07-08,0.03904,0.0101,0.83623
2016-07-09,0.03908,0.01022,0.83713
2016-07-10,0.03912,0.01036,0.83803
2016-07-11,0.03917,0.0105,0.83892
2016-07-12,0.03921,0.01065,0.83982
2016-07-13,0.03925,0.0108,0.84072
2016-07-14,0.0393,0.01096,0.84162
2016-07-15,0.03934,0.01113,0.84252
2016-07-16,0.03938,0.0113,0.84342
2016-07-17,0.03943,0.01148,0.84432
2016-07-18,0.03947,0.01167,0.84522
2016-07-19,0.03951,0.01185,0.84612
2016-07-20,0.03956,0.01205,0.84702
2016-07-21,0.0396,0.01224,0.84792
2016-07-22,0.03964,0.01244,0.84882
2016-07-23,0.03969,0.01265,0.84972
2016-07-24,0.03973,0.01286,0.85061
2016-07-25,0.03977,0.01307,0.85151
2016-07-26,0.03982,0.01329,0.85241
2016-07-27,0.03986,0.01351,0.85331
2016-07-28,0.0399,0.01244,0.86554
2016-07-29,0.03995,0.01149,0.87776
2016-07-30,0.03999,0.01071,0.88998
2016-07-31,0.04003,0.01012,0.90221
2016-08-01,0.04008,0.00977,0.91443
2016-08-02,0.04012,0.00967,0.92666
2016-08-03,0.04017,0.00985,0.93888
2016-08-04,0.04021,0.01027,0.9511
2016-08-05,0.04025,0.01092,0.96333
2016-08-06,0.0403,0.01176,0.97555
2016-08-07,0.04034,0.01275,0.98778
2016-08-08,0.04039,0.01385,1.0
2016-08-09,0.04033,0.01329,1.0
2016-08-10,0.04027,0.01275,1.0
2016-08-11,0.04021,0.01223,1.0
2016-08-12,0.04015,0.01175,1.0
2016-08-13,0.04009,0.01131,1.0
2016-08-14,0.04003,0.01091,1.0
2016-08-15,0.03998,0.01056,1.0
2016-08-16,0.03992,0.01025,1.0
2016-08-17,0.03986,0.01,1.0
2016-08-18,0.0398,0.00981,1.0
2016-08-19,0.03974,0.00968,1.0
2016-08-20,0.03968,0.00962,1.0
2016-08-21,0.03962,0.00963,1.0
2016-08-22,0.03956,0.0097,1.0
2016-08-23,0.03951,0.00983,1.0
2016-08-24,0.03945,0.01003,1.0
2016-08-25,0.03939,0.01029,1.0
2016-08-26,0.03933,0.0106,1.0
2016-08-27,0.03927,0.01096,1.0
2016-08-28,0.03921,0.01137,1.0
2016-08-29,0.03915,0.01182,1.0
2016-08-30,0.0391,0.0123,1.0
2016-08-31,0.03904,0.01281,1.0
2016-09-01,0.03898,0.01336,1.0
2016-09-02,0.03902,0.01308,0.99391
2016-09-03,0.03906,0.0128,0.98783
2016-09-04,0.0391,0.01254,0.98174
2016-09-05,0.03915,0.01228,0.97566
2016-09-06,0.03919,0.01203,0.96957
2016-09-07,0.03923,0.01179,0.96348
2016-09-08,0.03927,0.01155,0.9574
2016-09-09,0.03932,0.01133,0.95131
2016-09-10,0.03936,0.01112,0.94523
2016-09-11,0.0394,0.01092,0.93914
2016-09-12,0.03944,0.01074,0.93305
2016-09-13,0.03948,0.01056,0.92697
2016-09-14,0.03953,0.0104,0.92088
2016-09-15,0.03957,0.01025,0.9148
2016-09-16,0.03961,0.01012,0.90871
2016-09-17,0.03965,0.01,0.90262
2016-09-18,0.0397,0.0099,0.89654
2016-09-19,0.03974,0.00981,0.89045
2016-09-20,0.03978,0.00974,0.88437
2016-09-21,0.03982,0.00969,0.87828
2016-09-22,0.03986,0.00965,0.87219
2016-09-23,0.03991,0.00963,0.86611
2016-09-24,0.03995,0.00963,0.86002
2016-09-25,0.03999,0.00965,0.85394
2016-09-26,0.04003,0.00968,0.84785
2016-09-27,0.04008,0.00973,0.84176
2016-09-28,0.04012,0.0098,0.83568
2016-09-29,0.04016,0.00988,0.82959
2016-09-30,0.0402,0.00998,0.82351
2016-10-01,0.04024,0.0101,0.81742
2016-10-02,0.04029,0.01023,0.81133
2016-10-03,0.04033,0.01038,0.80525
2016-10-04,0.04037,0.01053,0.79916
2016-10-05,0.04041,0.01071,0.79308
2016-10-06,0.04046,0.01089,0.78699
2016-10-07,0.0405,0.01109,0.7809
2016-10-08,0.04054,0.0113,0.77482
2016-10-09,0.04058,0.01152,0.76873
2016-10-10,0.04062,0.01175,0.76265
2016-10-11,0.04067,0.01199,0.75656
2016-10-12,0.04071,0.01224,0.75047
2016-10-13,0.04075,0.0125,0.74439
2016-10-14,0.04079,0.01276,0.7383
2016-10-15,0.04084,0.01303,0.73222
2016-10-16,0.04088,0.01331,0.72613
2016-10-17,0.04092,0.0136,0.72004
2016-10-18,0.04096,0.01389,0.71396
2016-10-19,0.04119,0.0128,0.72613
2016-10-20,0.04143,0.01184,0.7383
2016-10-21,0.04166,0.01107,0.75048
2016-10-22,0.04189,0.01052,0.76265
2016-10-23,0.04212,0.01023,0.77482
2016-10-24,0.04235,0.01022,0.78699
2016-10-25,0.04259,0.01048,0.79917
2016-10-26,0.04282,0.01101,0.81134
2016-10-27,0.04305,0.01176,0.82351
2016-10-28,0.04328,0.0127,0.83568
2016-10-29,0.04351,0.01379,0.84786
2016-10-30,0.04375,0.01499,0.86003
2016-10-31,0.04396,0.01064,0.84605
2016-11-01,0.04418,0.0151,0.83207
2016-11-02,0.04446,0.01368,0.84886
2016-11-03,0.04474,0.01249,0.86566
2016-11-04,0.04502,0.01159,0.88245
2016-11-05,0.0453,0.01105,0.89924
2016-11-06,0.04558,0.01093,0.91604
2016-11-07,0.04587,0.01124,0.93283
2016-11-08,0.04615,0.01196,0.94962
2016-11-09,0.04643,0.013,0.96641
2016-11-10,0.04671,0.01431,0.98321
2016-11-11,0.04699,0.01581,1.0
2016-11-12,0.04707,0.01455,1.0
2016-11-13,0.04715,0.01345,1.0
2016-11-14,0.04723,0.01254,1.0
2016-11-15,0.04732,0.01186,1.0
2016-11-16,0.0474,0.01146,1.0
2016-11-17,0.04748,0.01136,1.0
2016-11-18,0.04756,0.01157,1.0
2016-11-19,0.04764,0.01208,1.0
2016-11-20,0.04772,0.01286,1.0
2016-11-21,0.04781,0.01385,1.0
2016-11-22,0.04789,0.01501,1.0
2016-11-23,0.04797,0.01631,1.0
2016-11-24,0.04815,0.01587,0.99793
2016-11-25,0.04834,0.01544,0.99587
2016-11-26,0.04852,0.01503,0.9938
2016-11-27,0.04871,0.01464,0.99173
2016-11-28,0.04889,0.01427,0.98967
2016-11-29,0.04908,0.01392,0.9876
2016-11-30,0.04926,0.0136,0.98554
2016-12-01,0.04945,0.01331,0.98347
2016-12-02,0.04963,0.01304,0.9814
2016-12-03,0.04982,0.0128,0.97934
2016-12-04,0.05,0.0126,0.97727
2016-12-05,0.05019,0.01243,0.9752
2016-12-06,0.05037,0.01229,0.97314
2016-12-07,0.05056,0.01219,0.97107
2016-12-08,0.05074,0.01213,0.969
2016-12-09,0.05093,0.0121,0.96694
2016-12-10,0.05111,0.01211,0.96487
2016-12-11,0.0513,0.01216,0.96281
2016-12-12,0.05148,0.01225,0.96074
2016-12-13,0.05167,0.01237,0.95867
2016-12-14,0.05185,0.01253,0.95661
2016-12-15,0.05204,0.01272,0.95454
2016-12-16,0.05222,0.01295,0.95247
2016-12-17,0.05241,0.0132,0.95041
2016-12-18,0.05259,0.01348,0.94834
2016-12-19,0.05278,0.0138,0.94627
2016-12-20,0.05296,0.01413,0.94421
2016-12-21,0.05315,0.01449,0.94214
2016-12-22,0.05333,0.01488,0.94008
2016-12-23,0.05352,0.01528,0.93801
2016-12-24,0.0537,0.0157,0.93594
2016-12-25,0.05389,0.01614,0.93388
2016-12-26,0.05407,0.0166,0.93181
2016-12-27,0.05426,0.01706,0.92974
2016-12-28,0.05444,0.01755,0.92768
2016-12-29,0.05463,0.01804,0.92561
2016-12-30,0.05438,0.01531,0.93801
2016-12-31,0.05413,0.01336,0.95041
2017-01-01,0.05389,0.01255,0.96281
2017-01-02,0.05364,0.0131,0.9752
2017-01-03,0.05339,0.01485,0.9876
2017-01-04,0.05314,0.01745,1.0
2017-01-05,0.05289,0.01697,1.0
2017-01-06,0.05264,0.0165,1.0
2017-01-07,0.05239,0.01604,1.0
2017-01-08,0.05214,0.0156,1.0
2017-01-09,0.05189,0.01517,1.0
2017-01-10,0.05164,0.01475,1.0
2017-01-11,0.05139,0.01435,1.0
2017-01-12,0.05114,0.01397,1.0
2017-01-13,0.05089,0.01361,1.0
2017-01-14,0.05064,0.01327,1.0
2017-01-15,0.05039,0.01295,1.0
2017-01-16,0.05014,0.01266,1.0
2017-01-17,0.04989,0.01239,1.0
2017-01-18,0.04964,0.01215,1.0
2017-01-19,0.04939,0.01194,1.0
2017-01-20,0.04914,0.01176,1.0
2017-01-21,0.04889,0.01161,1.0
2017-01-22,0.04864,0.0115,1.0
2017-01-23,0.04839,0.01142,1.0
2017-01-24,0.04814,0.01137,1.0
2017-01-25,0.04789,0.01136,1.0
2017-01-26,0.04764,0.01139,1.0
2017-01-27,0.04739,0.01146,1.0
2017-01-28,0.04714,0.01155,1.0
2017-01-29,0.04689,0.01169,1.0
2017-01-30,0.04664,0.01185,1.0
2017-01-31,0.04639,0.01205,1.0
2017-02-01,0.04614,0.01227,1.0
2017-02-02,0.04589,0.01253,1.0
2017-02-03,0.04564,0.01281,1.0
2017-02-04,0.04539,0.01312,1.0
2017-02-05,0.04514,0.01345,1.0
2017-02-06,0.04489,0.0138,1.0
2017-02-07,0.04464,0.01417,1.0
2017-02-08,0.04439,0.01457,1.0
2017-02-09,0.04414,0.01497,1.0
2017-02-10,0.04422,0.01462,0.99795
2017-02-11,0.04429,0.01428,0.99589
2017-02-12,0.04437,0.01395,0.99384
2017-02-13,0.04444,0.01363,0.99179
2017-02-14,0.04452,0.01333,0.98973
2017-02-15,0.04459,0.01304,0.98768
2017-02-16,0.04467,0.01276,0.98563
2017-02-17,0.04474,0.0125,0.98358
2017-02-18,0.04482,0.01226,0.98152
2017-02-19,0.04489,0.01203,0.97947
2017-02-20,0.04497,0.01183,0.97742
2017-02-21,0.04504,0.01164,0.97536
2017-02-22,0.04512,0.01148,0.97331
2017-02-23,0.04519,0.01133,0.97126
2017-02-24,0.04527,0.01121,0.9692
2017-02-25,0.04534,0.01111,0.96715
2017-02-26,0.04541,0.01104,0.9651
2017-02-27,0.04549,0.01099,0.96305
2017-02-28,0.04556,0.01097,0.96099
2017-03-01,0.04564,0.01097,0.95894
2017-03-02,0.04571,0.01099,0.95689
2017-03-03,0.04579,0.01104,0.95483
2017-03-04,0.04586,0.01112,0.95278
2017-03-05,0.04594,0.01122,0.95073
2017-03-06,0.04601,0.01134,0.94867
2017-03-07,0.04609,0.01148,0.94662
2017-03-08,0.04616,0.01165,0.94457
2017-03-09,0.04624,0.01183,0.94251
2017-03-10,0.04631,0.01204,0.94046
2017-03-11,0.04639,0.01227,0.93841
2017-03-12,0.04646,0.01251,0.93636
2017-03-13,0.04654,0.01277,0.9343
2017-03-14,0.04661,0.01305,0.93225
2017-03-15,0.04669,0.01334,0.9302
2017-03-16,0.04676,0.01364,0.92814
2017-03-17,0.04684,0.01396,0.92609
2017-03-18,0.04691,0.01429,0.92404
2017-03-19,0.04699,0.01463,0.92198
2017-03-20,0.04706,0.01498,0.91993
2017-03-21,0.04714,0.01535,0.91788
2017-03-22,0.04721,0.01572,0.91583
2017-03-23,0.04729,0.0161,0.91377
2017-03-24,0.04734,0.01482,0.92096
2017-03-25,0.0474,0.01369,0.92814
2017-03-26,0.04745,0.01275,0.93533
2017-03-27,0.04751,0.01204,0.94251
2017-03-28,0.04757,0.0116,0.9497
2017-03-29,0.04762,0.01147,0.95689
2017-03-30,0.04768,0.01166,0.96407
2017-03-31,0.04773,0.01215,0.97126
2017-04-01,0.04779,0.01291,0.97844
2017-04-02,0.04784,0.01389,0.98563
2017-04-03,0.0479,0.01505,0.99281
2017-04-04,0.04796,0.01635,1.0
2017-04-05,0.04806,0.01505,0.98927
2017-04-06,0.04816,0.0139,0.97854
2017-04-07,0.04826,0.01293,0.96781
2017-04-08,0.04837,0.01219,0.95708
2017-04-09,0.04847,0.01172,0.94635
2017-04-10,0.04857,0.01156,0.93562
2017-04-11,0.04867,0.01172,0.92489
2017-04-12,0.04877,0.01218,0.91416
2017-04-13,0.04888,0.01292,0.90343
2017-04-14,0.04898,0.01389,0.8927
2017-04-15,0.04908,0.01504,0.88197
2017-04-16,0.04918,0.01634,0.87123
2017-04-17,0.04906,0.01493,0.86899
2017-04-18,0.04895,0.0137,0.86674
2017-04-19,0.04883,0.0127,0.86449
2017-04-20,0.04871,0.01199,0.86225
2017-04-21,0.04859,0.01163,0.86
2017-04-22,0.04847,0.01164,0.85775
2017-04-23,0.04835,0.01203,0.85551
2017-04-24,0.04823,0.01276,0.85326
2017-04-25,0.04811,0.01377,0.85101
2017-04-26,0.04799,0.01502,0.84877
2017-04-27,0.04787,0.01644,0.84652
2017-04-28,0.04769,0.01522,0.83546
2017-04-29,0.0475,0.01411,0.82439
2017-04-30,0.04732,0.01314,0.81333
2017-05-01,0.04713,0.01234,0.80227
2017-05-02,0.04695,0.01175,0.7912
2017-05-03,0.04677,0.01139,0.78014
2017-05-04,0.04658,0.0113,0.76908
2017-05-05,0.0464,0.01147,0.75801
2017-05-06,0.04621,0.01189,0.74695
2017-05-07,0.04603,0.01255,0.73589
2017-05-08,0.04585,0.0134,0.72482
2017-05-09,0.04566,0.01441,0.71376
2017-05-10,0.04548,0.01555,0.7027
2017-05-11,0.04543,0.01486,0.71057
2017-05-12,0.04537,0.0142,0.71845
2017-05-13,0.04532,0.01359,0.72633
2017-05-14,0.04527,0.01303,0.73421
2017-05-15,0.04522,0.01251,0.74208
2017-05-16,0.04516,0.01206,0.74996
2017-05-17,0.04511,0.01168,0.75784
2017-05-18,0.04506,0.01137,0.76572
2017-05-19,0.04501,0.01115,0.77359
2017-05-20,0.04495,0.011,0.78147
2017-05-21,0.0449,0.01095,0.78935
2017-05-22,0.04485,0.01099,0.79723
2017-05-23,0.0448,0.01112,0.8051
2017-05-24,0.04474,0.01133,0.81298
2017-05-25,0.04469,0.01163,0.82086
2017-05-26,0.04464,0.012,0.82873
2017-05-27,0.04459,0.01244,0.83661
2017-05-28,0.04453,0.01294,0.84449
2017-05-29,0.04448,0.01349,0.85237
2017-05-30,0.04443,0.0141,0.86024
2017-05-31,0.04438,0.01475,0.86812
2017-06-01,0.04432,0.01543,0.876
2017-06-02,0.04421,0.01513,0.87848
2017-06-03,0.04409,0.01482,0.88096
2017-06-04,0.04397,0.01453,0.88344
2017-06-05,0.04386,0.01424,0.88592
2017-06-06,0.04374,0.01395,0.8884
2017-06-07,0.04362,0.01367,0.89088
2017-06-08,0.04351,0.0134,0.89336
2017-06-09,0.04339,0.01314,0.89584
2017-06-10,0.04327,0.01288,0.89832
2017-06-11,0.04315,0.01263,0.9008
2017-06-12,0.04304,0.01239,0.90328
2017-06-13,0.04292,0.01215,0.90576
2017-06-14,0.0428,0.01193,0.90824
2017-06-15,0.04269,0.01172,0.91072
2017-06-16,0.04257,0.01151,0.9132
2017-06-17,0.04245,0.01132,0.91568
2017-06-18,0.04234,0.01114,0.91816
2017-06-19,0.04222,0.01097,0.92064
2017-06-20,0.0421,0.01082,0.92312
2017-06-21,0.04198,0.01068,0.9256
2017-06-22,0.04187,0.01055,0.92808
2017-06-23,0.04175,0.01043,0.93056
2017-06-24,0.04163,0.01033,0.93304
2017-06-25,0.04152,0.01025,0.93552
2017-06-26,0.0414,0.01018,0.938
2017-06-27,0.04128,0.01013,0.94048
2017-06-28,0.04117,0.01009,0.94296
2017-06-29,0.04105,0.01007,0.94544
2017-06-30,0.04093,0.01007,0.94792
2017-07-01,0.04082,0.01008,0.9504
2017-07-02,0.0407,0.01011,0.95288
2017-07-03,0.04058,0.01016,0.95536
2017-07-04,0.04046,0.01022,0.95784
2017-07-05,0.04035,0.0103,0.96032
2017-07-06,0.04023,0.01039,0.9628
2017-07-07,0.04011,0.0105,0.96528
2017-07-08,0.04,0.01062,0.96776
2017-07-09,0.03988,0.01076,0.97024
2017-07-10,0.03976,0.01091,0.97272
2017-07-11,0.03965,0.01107,0.9752
2017-07-12,0.03953,0.01124,0.97768
2017-07-13,0.03941,0.01143,0.98016
2017-07-14,0.0393,0.01163,0.98264
2017-07-15,0.03918,0.01184,0.98512
2017-07-16,0.03906,0.01206,0.9876
2017-07-17,0.03894,0.01229,0.99008
2017-07-18,0.03883,0.01252,0.99256
2017-07-19,0.03871,0.01277,0.99504
2017-07-20,0.03859,0.01302,0.99752
2017-07-21,0.03848,0.01329,1.0
2017-07-22,0.03832,0.01213,1.0
2017-07-23,0.03817,0.01111,1.0
2017-07-24,0.03802,0.01026,1.0
2017-07-25,0.03787,0.00962,1.0
2017-07-26,0.03772,0.00925,1.0
2017-07-27,0.03757,0.00917,1.0
2017-07-28,0.03741,0.00938,1.0
2017-07-29,0.03726,0.00988,1.0
2017-07-30,0.03711,0.01062,1.0
2017-07-31,0.03696,0.01156,1.0
2017-08-01,0.03681,0.01264,1.0
2017-08-02,0.03685,0.01266,1.0
2017-08-03,0.03714,0.01166,1.0
2017-08-04,0.03742,0.0108,1.0
2017-08-05,0.03771,0.0101,1.0
2017-08-06,0.038,0.00961,1.0
2017-08-07,0.03829,0.00936,1.0
2017-08-08,0.03858,0.00937,1.0
2017-08-09,0.03886,0.00963,1.0
2017-08-10,0.03915,0.01013,1.0
2017-08-11,0.03944,0.01084,1.0
2017-08-12,0.03973,0.01171,1.0
2017-08-13,0.04001,0.01271,1.0
2017-08-14,0.0403,0.01382,1.0
2017-08-15,0.04047,0.01273,1.0
2017-08-16,0.04063,0.01178,1.0
2017-08-17,0.04079,0.01102,1.0
2017-08-18,0.04095,0.01047,1.0
2017-08-19,0.04112,0.01019,1.0
2017-08-20,0.04128,0.01018,1.0
2017-08-21,0.04144,0.01045,1.0
2017-08-22,0.04161,0.01098,1.0
2017-08-23,0.04177,0.01173,1.0
2017-08-24,0.04193,0.01267,1.0
2017-08-25,0.0421,0.01375,1.0
2017-08-26,0.04226,0.01495,1.0
2017-08-27,0.04246,0.01272,1.0
2017-08-28,0.04266,0.01119,1.0
2017-08-29,0.04286,0.01067,1.0
2017-08-30,0.04306,0.01131,1.0
2017-08-31,0.04326,0.01293,1.0
2017-09-01,0.04346,0.01523,1.0
2017-09-02,0.04281,0.0129,1.0
2017-09-03,0.04216,0.01114,1.0
2017-09-04,0.04151,0.01027,1.0
2017-09-05,0.04086,0.01051,1.0
2017-09-06,0.04021,0.01177,1.0
2017-09-07,0.03956,0.0138,1.0
2017-09-08,0.03929,0.01269,1.0
2017-09-09,0.03902,0.0117,1.0
2017-09-10,0.03875,0.01085,1.0
2017-09-11,0.03848,0.01017,1.0
2017-09-12,0.0382,0.0097,1.0
2017-09-13,0.03793,0.00948,1.0
2017-09-14,0.03766,0.00951,1.0
2017-09-15,0.03739,0.00981,1.0
2017-09-16,0.03712,0.01034,1.0
2017-09-17,0.03685,0.01107,1.0
2017-09-18,0.03657,0.01196,1.0
2017-09-19,0.0363,0.01299,1.0
2017-09-20,0.03655,0.01196,1.0
2017-09-21,0.0368,0.01105,1.0
2017-09-22,0.03705,0.0103,1.0
2017-09-23,0.0373,0.00974,1.0
2017-09-24,0.03756,0.0094,1.0
2017-09-25,0.03781,0.00932,1.0
2017-09-26,0.03806,0.00949,1.0
2017-09-27,0.03831,0.00991,1.0
2017-09-28,0.03856,0.01054,1.0
2017-09-29,0.03881,0.01135,1.0
2017-09-30,0.03906,0.0123,1.0
2017-10-01,0.03931,0.01337,1.0
2017-10-02,0.03927,0.0123,1.0
2017-10-03,0.03923,0.01135,1.0
2017-10-04,0.03919,0.01055,1.0
2017-10-05,0.03915,0.00993,1.0
2017-10-06,0.03911,0.00953,1.0
2017-10-07,0.03907,0.00938,1.0
2017-10-08,0.03903,0.00948,1.0
2017-10-09,0.03899,0.00983,1.0
2017-10-10,0.03895,0.01041,1.0
2017-10-11,0.03891,0.01118,1.0
2017-10-12,0.03887,0.01211,1.0
2017-10-13,0.03883,0.01315,1.0
2017-10-14,0.03931,0.0112,1.0
2017-10-15,0.03979,0.00992,1.0
2017-10-16,0.04027,0.00957,1.0
2017-10-17,0.04075,0.01025,1.0
2017-10-18,0.04122,0.01179,1.0
2017-10-19,0.0417,0.0139,1.0
2017-10-20,0.04188,0.01183,1.0
2017-10-21,0.04206,0.01042,1.0
2017-10-22,0.04224,0.00997,1.0
2017-10-23,0.04242,0.0106,1.0
2017-10-24,0.0426,0.01214,1.0
2017-10-25,0.04278,0.0143,1.0
2017-10-26,0.04285,0.01317,1.0
2017-10-27,0.04291,0.01217,1.0
2017-10-28,0.04298,0.01135,1.0
2017-10-29,0.04305,0.01074,1.0
2017-10-30,0.04312,0.01038,1.0
2017-10-31,0.04318,0.01029,1.0
2017-11-01,0.04325,0.01049,1.0
2017-11-02,0.04332,0.01096,1.0
2017-11-03,0.04339,0.01167,1.0
2017-11-04,0.04346,0.01257,1.0
2017-11-05,0.04352,0.01363,1.0
2017-11-06,0.04359,0.01481,1.0
2017-11-07,0.04378,0.01364,1.0
2017-11-08,0.04396,0.01262,1.0
2017-11-09,0.04415,0.01178,1.0
2017-11-10,0.04433,0.01118,1.0
2017-11-11,0.04452,0.01085,1.0
2017-11-12,0.04471,0.01081,1.0
2017-11-13,0.04489,0.01107,1.0
2017-11-14,0.04508,0.0116,1.0
2017-11-15,0.04526,0.01238,1.0
2017-11-16,0.04545,0.01336,1.0
2017-11-17,0.04563,0.01449,1.0
2017-11-18,0.04582,0.01575,1.0
2017-11-19,0.04606,0.0145,0.98835
2017-11-20,0.04631,0.01341,0.97669
2017-11-21,0.04655,0.01251,0.96504
2017-11-22,0.04679,0.01184,0.95338
2017-11-23,0.04704,0.01146,0.94173
2017-11-24,0.04728,0.01138,0.93007
2017-11-25,0.04753,0.01161,0.91842
2017-11-26,0.04777,0.01214,0.90676
2017-11-27,0.04801,0.01293,0.89511
2017-11-28,0.04826,0.01393,0.88345
2017-11-29,0.0485,0.01511,0.8718
2017-11-30,0.04875,0.01642,0.86014
2017-12-01,0.04892,0.01647,0.89145
2017-12-02,0.04907,0.01359,0.8912
2017-12-03,0.04922,0.01192,0.89095
2017-12-04,0.04938,0.01199,0.8907
2017-12-05,0.04953,0.01375,0.89046
2017-12-06,0.04968,0.01669,0.89021
2017-12-07,0.0498,0.01419,0.90851
2017-12-08,0.04992,0.01247,0.92681
2017-12-09,0.05003,0.01187,0.9451
2017-12-10,0.05015,0.01256,0.9634
2017-12-11,0.05026,0.01435,0.9817
2017-12-12,0.05038,0.01689,1.0
2017-12-13,0.05035,0.01643,0.99731
2017-12-14,0.05031,0.01598,0.99462
2017-12-15,0.05028,0.01555,0.99193
2017-12-16,0.05025,0.01513,0.98924
2017-12-17,0.05022,0.01473,0.98655
2017-12-18,0.05019,0.01436,0.98385
2017-12-19,0.05015,0.014,0.98116
2017-12-20,0.05012,0.01367,0.97847
2017-12-21,0.05009,0.01337,0.97578
2017-12-22,0.05006,0.01309,0.97309
2017-12-23,0.05002,0.01284,0.9704
2017-12-24,0.04999,0.01262,0.96771
2017-12-25,0.04996,0.01243,0.96502
2017-12-26,0.04993,0.01227,0.96233
2017-12-27,0.0499,0.01215,0.95964
2017-12-28,0.04986,0.01207,0.95695
2017-12-29,0.04983,0.01202,0.95426
2017-12-30,0.0498,0.01201,0.95156
2017-12-31,0.04977,0.01203,0.94887
2018-01-01,0.04973,0.01209,0.94618
2018-01-02,0.0497,0.01219,0.94349
2018-01-03,0.04967,0.01233,0.9408
2018-01-04,0.04964,0.0125,0.93811
2018-01-05,0.0496,0.0127,0.93542
2018-01-06,0.04957,0.01293,0.93273
2018-01-07,0.04954,0.01319,0.93004
2018-01-08,0.04951,0.01348,0.92735
2018-01-09,0.04948,0.0138,0.92466
2018-01-10,0.04944,0.01414,0.92197
2018-01-11,0.04941,0.0145,0.91927
2018-01-12,0.04938,0.01488,0.91658
2018-01-13,0.04935,0.01529,0.91389
2018-01-14,0.04931,0.01571,0.9112
2018-01-15,0.04928,0.01615,0.90851
2018-01-16,0.04925,0.0166,0.90582
2018-01-17,0.04922,0.01707,0.90313
2018-01-18,0.04922,0.01597,0.90029
2018-01-19,0.04922,0.01496,0.89745
2018-01-20,0.04923,0.01406,0.89461
2018-01-21,0.04923,0.0133,0.89177
2018-01-22,0.04923,0.01269,0.88893
2018-01-23,0.04924,0.01226,0.88609
2018-01-24,0.04924,0.01202,0.88325
2018-01-25,0.04924,0.012,0.88041
2018-01-26,0.04925,0.01219,0.87757
2018-01-27,0.04925,0.01258,0.87473
2018-01-28,0.04925,0.01315,0.87189
2018-01-29,0.04926,0.01389,0.86906
2018-01-30,0.04926,0.01476,0.86622
2018-01-31,0.04926,0.01575,0.86338
2018-02-01,0.04926,0.01683,0.86054
2018-02-02,0.04913,0.01507,0.86255
2018-02-03,0.049,0.01358,0.86456
2018-02-04,0.04887,0.01246,0.86657
2018-02-05,0.04874,0.01181,0.86858
2018-02-06,0.0486,0.01172,0.87059
2018-02-07,0.04847,0.0122,0.8726
2018-02-08,0.04834,0.01318,0.87461
2018-02-09,0.04821,0.01456,0.87662
2018-02-10,0.04808,0.01624,0.87863
2018-02-11,0.04851,0.01496,0.88875
2018-02-12,0.04894,0.01386,0.89886
2018-02-13,0.04938,0.01297,0.90898
2018-02-14,0.04981,0.01235,0.91909
2018-02-15,0.05024,0.01203,0.9292
2018-02-16,0.05067,0.01205,0.93932
2018-02-17,0.05111,0.01239,0.94943
2018-02-18,0.05154,0.01304,0.95954
2018-02-19,0.05197,0.01395,0.96966
2018-02-20,0.05241,0.01508,0.97977
2018-02-21,0.05284,0.01637,0.98989
2018-02-22,0.05327,0.0178,1.0
2018-02-23,0.05386,0.01517,1.0
2018-02-24,0.05445,0.01346,1.0
2018-02-25,0.05503,0.01305,1.0
2018-02-26,0.05562,0.01404,1.0
2018-02-27,0.05621,0.01619,1.0
2018-02-28,0.05679,0.0191,1.0
2018-03-01,0.0577,0.01949,1.0
2018-03-02,0.05847,0.01616,1.0
2018-03-03,0.05923,0.01445,1.0
2018-03-04,0.05999,0.01493,1.0
2018-03-05,0.06075,0.01742,1.0
2018-03-06,0.06151,0.02122,1.0
2018-03-07,0.06139,0.01953,1.0
2018-03-08,0.06127,0.01801,1.0
2018-03-09,0.06115,0.01671,1.0
2018-03-10,0.06103,0.0157,1.0
2018-03-11,0.06091,0.01502,1.0
2018-03-12,0.06079,0.01472,1.0
2018-03-13,0.06067,0.01482,1.0
2018-03-14,0.06055,0.01533,1.0
2018-03-15,0.06043,0.01619,1.0
2018-03-16,0.06031,0.01736,1.0
2018-03-17,0.06019,0.01878,1.0
2018-03-18,0.06007,0.0204,1.0
2018-03-19,0.05978,0.01877,1.0
2018-03-20,0.0595,0.0173,1.0
2018-03-21,0.05921,0.01605,1.0
2018-03-22,0.05893,0.01506,1.0
2018-03-23,0.05864,0.01439,1.0
2018-03-24,0.05835,0.01409,1.0
2018-03-25,0.05807,0.01417,1.0
2018-03-26,0.05778,0.01463,1.0
2018-03-27,0.0575,0.01545,1.0
2018-03-28,0.05721,0.01655,1.0
2018-03-29,0.05693,0.0179,1.0
2018-03-30,0.05664,0.01944,1.0
2018-03-31,0.05663,0.01375,0.96253
2018-04-01,0.05663,0.01946,0.92506
2018-04-02,0.05676,0.0154,0.9438
2018-04-03,0.0569,0.01383,0.96253
2018-04-04,0.05704,0.01552,0.98127
2018-04-05,0.05718,0.01965,1.0
2018-04-06,0.05708,0.01901,1.0
2018-04-07,0.05698,0.01838,1.0
2018-04-08,0.05689,0.01778,1.0
2018-04-09,0.05679,0.01721,1.0
2018-04-10,0.05669,0.01667,1.0
2018-04-11,0.0566,0.01615,1.0
2018-04-12,0.0565,0.01568,1.0
2018-04-13,0.05641,0.01524,1.0
2018-04-14,0.05631,0.01484,1.0
2018-04-15,0.05621,0.01449,1.0
2018-04-16,0.05612,0.01418,1.0
2018-04-17,0.05602,0.01393,1.0
2018-04-18,0.05593,0.01373,1.0
2018-04-19,0.05583,0.01359,1.0
2018-04-20,0.05573,0.01351,1.0
2018-04-21,0.05564,0.01348,1.0
2018-04-22,0.05554,0.01352,1.0
2018-04-23,0.05545,0.01362,1.0
2018-04-24,0.05535,0.01377,1.0
2018-04-25,0.05525,0.01398,1.0
2018-04-26,0.05516,0.01425,1.0
2018-04-27,0.05506,0.01457,1.0
2018-04-28,0.05497,0.01493,1.0
2018-04-29,0.05487,0.01534,1.0
2018-04-30,0.05477,0.01579,1.0
2018-05-01,0.05468,0.01627,1.0
2018-05-02,0.05458,0.01679,1.0
2018-05-03,0.05449,0.01735,1.0
2018-05-04,0.05439,0.01793,1.0
2018-05-05,0.05429,0.01853,1.0
2018-05-06,0.0542,0.01705,1.0
2018-05-07,0.0541,0.01573,1.0
2018-05-08,0.05401,0.01461,1.0
2018-05-09,0.05392,0.01374,1.0
2018-05-10,0.05382,0.01316,1.0
2018-05-11,0.05373,0.01293,1.0
2018-05-12,0.05363,0.01305,1.0
2018-05-13,0.05354,0.01351,1.0
2018-05-14,0.05344,0.01429,1.0
2018-05-15,0.05335,0.01534,1.0
2018-05-16,0.05326,0.0166,1.0
2018-05-17,0.05316,0.01803,1.0
2018-05-18,0.05283,0.01686,1.0
2018-05-19,0.05249,0.01579,1.0
2018-05-20,0.05216,0.01482,1.0
2018-05-21,0.05183,0.01398,1.0
2018-05-22,0.0515,0.0133,1.0
2018-05-23,0.05116,0.01279,1.0
2018-05-24,0.05083,0.01248,1.0
2018-05-25,0.0505,0.01239,1.0
2018-05-26,0.05016,0.01252,1.0
2018-05-27,0.04983,0.01287,1.0
2018-05-28,0.0495,0.01341,1.0
2018-05-29,0.04916,0.01412,1.0
2018-05-30,0.04883,0.01498,1.0
2018-05-31,0.0485,0.01597,1.0
2018-06-01,0.04816,0.01707,1.0
2018-06-02,0.04807,0.01627,0.9918
2018-06-03,0.04798,0.01552,0.98361
2018-06-04,0.04789,0.01482,0.97541
2018-06-05,0.04779,0.01418,0.96722
2018-06-06,0.0477,0.0136,0.95902
2018-06-07,0.04761,0.01309,0.95083
2018-06-08,0.04752,0.01267,0.94263
2018-06-09,0.04742,0.01234,0.93444
2018-06-10,0.04733,0.0121,0.92624
2018-06-11,0.04724,0.01197,0.91804
2018-06-12,0.04715,0.01195,0.90985
2018-06-13,0.04705,0.01203,0.90165
2018-06-14,0.04696,0.01222,0.89346
2018-06-15,0.04687,0.01251,0.88526
2018-06-16,0.04678,0.0129,0.87707
2018-06-17,0.04668,0.01337,0.86887
2018-06-18,0.04659,0.01392,0.86068
2018-06-19,0.0465,0.01454,0.85248
2018-06-20,0.04641,0.01521,0.84428
2018-06-21,0.04632,0.01594,0.83609
2018-06-22,0.04622,0.01672,0.82789
2018-06-23,0.0462,0.01626,0.82957
2018-06-24,0.04618,0.01582,0.83125
2018-06-25,0.04616,0.01539,0.83293
2018-06-26,0.04614,0.01497,0.8346
2018-06-27,0.04612,0.01458,0.83628
2018-06-28,0.0461,0.0142,0.83796
2018-06-29,0.04608,0.01384,0.83964
2018-06-30,0.04605,0.01351,0.84132
2018-07-01,0.04603,0.01319,0.84299
2018-07-02,0.04601,0.01291,0.84467
2018-07-03,0.04599,0.01265,0.84635
2018-07-04,0.04597,0.01242,0.84803
2018-07-05,0.04595,0.01222,0.84971
2018-07-06,0.04593,0.01205,0.85138
2018-07-07,0.04591,0.01191,0.85306
2018-07-08,0.04589,0.01181,0.85474
2018-07-09,0.04587,0.01174,0.85642
2018-07-10,0.04584,0.01171,0.85809
2018-07-11,0.04582,0.01172,0.85977
2018-07-12,0.0458,0.01176,0.86145
2018-07-13,0.04578,0.01184,0.86313
2018-07-14,0.04576,0.01195,0.86481
2018-07-15,0.04574,0.0121,0.86648
2018-07-16,0.04572,0.01228,0.86816
2018-07-17,0.0457,0.01249,0.86984
2018-07-18,0.04568,0.01273,0.87152
2018-07-19,0.04566,0.013,0.8732
2018-07-20,0.04563,0.01329,0.87487
2018-07-21,0.04561,0.01361,0.87655
2018-07-22,0.04559,0.01396,0.87823
2018-07-23,0.04557,0.01432,0.87991
2018-07-24,0.04555,0.0147,0.88159
2018-07-25,0.04553,0.01511,0.88326
2018-07-26,0.04551,0.01552,0.88494
2018-07-27,0.04549,0.01596,0.88662
2018-07-28,0.04547,0.01641,0.8883
2018-07-29,0.04527,0.0151,0.88472
2018-07-30,0.04508,0.01391,0.88113
2018-07-31,0.04489,0.0129,0.87755
2018-08-01,0.0447,0.01209,0.87397
2018-08-02,0.0445,0.01153,0.87039
2018-08-03,0.04431,0.01126,0.86681
2018-08-04,0.04412,0.0113,0.86323
2018-08-05,0.04393,0.01165,0.85964
2018-08-06,0.04374,0.01228,0.85606
2018-08-07,0.04354,0.01315,0.85248
2018-08-08,0.04335,0.01421,0.8489
2018-08-09,0.04316,0.01543,0.84532
2018-08-10,0.043,0.0142,0.85821
2018-08-11,0.04284,0.01308,0.8711
2018-08-12,0.04269,0.01213,0.88399
2018-08-13,0.04253,0.01137,0.89688
2018-08-14,0.04237,0.01084,0.90977
2018-08-15,0.04222,0.01058,0.92266
2018-08-16,0.04206,0.01062,0.93555
2018-08-17,0.0419,0.01095,0.94844
2018-08-18,0.04175,0.01153,0.96133
2018-08-19,0.04159,0.01235,0.97422
2018-08-20,0.04143,0.01335,0.98711
2018-08-21,0.04128,0.01449,1.0
2018-08-22,0.04172,0.01326,1.0
2018-08-23,0.04216,0.01221,1.0
2018-08-24,0.0426,0.01142,1.0
2018-08-25,0.04304,0.01092,1.0
2018-08-26,0.04348,0.01077,1.0
2018-08-27,0.04392,0.01098,1.0
2018-08-28,0.04437,0.01152,1.0
2018-08-29,0.04481,0.01236,1.0
2018-08-30,0.04525,0.01344,1.0
2018-08-31,0.04569,0.0147,1.0
2018-09-01,0.04613,0.0161,1.0
2018-09-02,0.04667,0.01628,1.0
2018-09-03,0.04742,0.01502,1.0
2018-09-04,0.04818,0.01398,1.0
2018-09-05,0.04893,0.01322,1.0
2018-09-06,0.04969,0.01278,1.0
2018-09-07,0.05045,0.0127,1.0
2018-09-08,0.0512,0.01299,1.0
2018-09-09,0.05196,0.01362,1.0
2018-09-10,0.05271,0.01455,1.0
2018-09-11,0.05347,0.01572,1.0
2018-09-12,0.05422,0.01709,1.0
2018-09-13,0.05498,0.01861,1.0
2018-09-14,0.05574,0.02025,1.0
2018-09-15,0.05587,0.01864,1.0
2018-09-16,0.056,0.01722,1.0
2018-09-17,0.05612,0.01603,1.0
2018-09-18,0.05625,0.01514,1.0
2018-09-19,0.05638,0.01459,1.0
2018-09-20,0.05651,0.01442,1.0
2018-09-21,0.05664,0.01466,1.0
2018-09-22,0.05677,0.01527,1.0
2018-09-23,0.0569,0.01622,1.0
2018-09-24,0.05703,0.01745,1.0
2018-09-25,0.05716,0.01891,1.0
2018-09-26,0.05729,0.02054,1.0
2018-09-27,0.05717,0.0189,0.98669
2018-09-28,0.05705,0.01744,0.97338
2018-09-29,0.05693,0.01618,0.96007
2018-09-30,0.05681,0.0152,0.94676
2018-10-01,0.05669,0.01455,0.93345
2018-10-02,0.05657,0.01427,0.92014
2018-10-03,0.05645,0.01438,0.90683
2018-10-04,0.05633,0.01487,0.89352
2018-10-05,0.05621,0.01571,0.88021
2018-10-06,0.05609,0.01685,0.8669
2018-10-07,0.05597,0.01823,0.85359
2018-10-08,0.05585,0.0198,0.84028
2018-10-09,0.05584,0.01822,0.85359
2018-10-10,0.05582,0.0168,0.8669
2018-10-11,0.05581,0.01559,0.88021
2018-10-12,0.05579,0.01464,0.89352
2018-10-13,0.05577,0.014,0.90683
2018-10-14,0.05576,0.01372,0.92014
2018-10-15,0.05574,0.01382,0.93345
2018-10-16,0.05572,0.01428,0.94676
2018-10-17,0.05571,0.01508,0.96007
2018-10-18,0.05569,0.01617,0.97338
2018-10-19,0.05568,0.01749,0.98669
2018-10-20,0.05566,0.019,1.0
2018-10-21,0.05547,0.01747,1.0
2018-10-22,0.05527,0.0161,1.0
2018-10-23,0.05508,0.01491,1.0
2018-10-24,0.05488,0.01395,1.0
2018-10-25,0.05469,0.01327,1.0
2018-10-26,0.05449,0.01292,1.0
2018-10-27,0.0543,0.01293,1.0
2018-10-28,0.0541,0.01329,1.0
2018-10-29,0.05391,0.01398,1.0
2018-10-30,0.05371,0.01494,1.0
2018-10-31,0.05352,0.01614,1.0
2018-11-01,0.05332,0.01753,1.0
2018-11-02,0.05315,0.01613,0.98807
2018-11-03,0.05298,0.01487,0.97614
2018-11-04,0.05281,0.0138,0.96421
2018-11-05,0.05264,0.01296,0.95227
2018-11-06,0.05247,0.01239,0.94034
2018-11-07,0.0523,0.01214,0.92841
2018-11-08,0.05213,0.01222,0.91648
2018-11-09,0.05196,0.01264,0.90455
2018-11-10,0.05179,0.01334,0.89262
2018-11-11,0.05161,0.01431,0.88069
2018-11-12,0.05144,0.01547,0.86875
2018-11-13,0.05127,0.01681,0.85682
2018-11-14,0.05146,0.01548,0.86875
2018-11-15,0.05165,0.01432,0.88069
2018-11-16,0.05184,0.01337,0.89262
2018-11-17,0.05204,0.01269,0.90455
2018-11-18,0.05223,0.01231,0.91648
2018-11-19,0.05242,0.01226,0.92841
2018-11-20,0.05261,0.01256,0.94034
2018-11-21,0.0528,0.01316,0.95227
2018-11-22,0.05299,0.01404,0.96421
2018-11-23,0.05318,0.01515,0.97614
2018-11-24,0.05337,0.01644,0.98807
2018-11-25,0.05356,0.01787,1.0
2018-11-26,0.05348,0.01518,1.0
2018-11-27,0.05341,0.0133,1.0
2018-11-28,0.05333,0.01258,1.0
2018-11-29,0.05325,0.01323,1.0
2018-11-30,0.05317,0.01507,1.0
2018-12-01,0.05309,0.01772,1.0
2018-12-02,0.05306,0.01506,1.0
2018-12-03,0.05303,0.01319,1.0
2018-12-04,0.053,0.01248,1.0
2018-12-05,0.05297,0.01312,1.0
2018-12-06,0.05293,0.01494,1.0
2018-12-07,0.0529,0.01758,1.0
2018-12-08,0.05303,0.01619,1.0
2018-12-09,0.05316,0.01496,1.0
2018-12-10,0.05328,0.01396,1.0
2018-12-11,0.05341,0.01321,1.0
2018-12-12,0.05354,0.01278,1.0
2018-12-13,0.05367,0.01269,1.0
2018-12-14,0.05379,0.01295,1.0
2018-12-15,0.05392,0.01354,1.0
2018-12-16,0.05405,0.01442,1.0
2018-12-17,0.05418,0.01554,1.0
2018-12-18,0.0543,0.01685,1.0
2018-12-19,0.05443,0.01831,1.0
2018-12-20,0.05419,0.01555,1.0
2018-12-21,0.05396,0.01358,1.0
2018-12-22,0.05372,0.0128,1.0
2018-12-23,0.05348,0.0134,1.0
2018-12-24,0.05325,0.01522,1.0
2018-12-25,0.05301,0.01789,1.0
2018-12-26,0.05323,0.01522,0.98638
2018-12-27,0.05345,0.01339,0.97276
2018-12-28,0.05367,0.01278,0.95914
2018-12-29,0.05388,0.01355,0.94552
2018-12-30,0.0541,0.01549,0.93189
2018-12-31,0.05432,0.01824,0.91827
2019-01-01,0.05417,0.01787,0.91646
2019-01-02,0.05402,0.0175,0.91465
2019-01-03,0.05388,0.01713,0.91284
2019-01-04,0.05373,0.01678,0.91103
2019-01-05,0.05358,0.01643,0.90921
2019-01-06,0.05343,0.01609,0.9074
2019-01-07,0.05328,0.01576,0.90559
2019-01-08,0.05313,0.01544,0.90378
2019-01-09,0.05298,0.01513,0.90197
2019-01-10,0.05283,0.01482,0.90015
2019-01-11,0.05269,0.01454,0.89834
2019-01-12,0.05254,0.01426,0.89653
2019-01-13,0.05239,0.01399,0.89472
2019-01-14,0.05224,0.01374,0.89291
2019-01-15,0.05209,0.01351,0.8911
2019-01-16,0.05194,0.01329,0.88928
2019-01-17,0.05179,0.01308,0.88747
2019-01-18,0.05164,0.01289,0.88566
2019-01-19,0.0515,0.01272,0.88385
2019-01-20,0.05135,0.01257,0.88204
2019-01-21,0.0512,0.01243,0.88022
2019-01-22,0.05105,0.01232,0.87841
2019-01-23,0.0509,0.01222,0.8766
2019-01-24,0.05075,0.01215,0.87479
2019-01-25,0.0506,0.0121,0.87298
2019-01-26,0.05045,0.01206,0.87117
2019-01-27,0.05031,0.01205,0.86935
2019-01-28,0.05016,0.01206,0.86754
2019-01-29,0.05001,0.01209,0.86573
2019-01-30,0.04986,0.01214,0.86392
2019-01-31,0.04971,0.01221,0.86211
2019-02-01,0.04956,0.01231,0.86029
2019-02-02,0.04941,0.01242,0.85848
2019-02-03,0.04927,0.01255,0.85667
2019-02-04,0.04912,0.0127,0.85486
2019-02-05,0.04897,0.01287,0.85305
2019-02-06,0.04882,0.01306,0.85124
2019-02-07,0.04867,0.01326,0.84942
2019-02-08,0.04852,0.01348,0.84761
2019-02-09,0.04837,0.01372,0.8458
2019-02-10,0.04822,0.01397,0.84399
2019-02-11,0.04808,0.01423,0.84218
2019-02-12,0.04793,0.0145,0.84036
2019-02-13,0.04778,0.01479,0.83855
2019-02-14,0.04763,0.01509,0.83674
2019-02-15,0.04748,0.0154,0.83493
2019-02-16,0.04733,0.01572,0.83312
2019-02-17,0.04718,0.01605,0.83131
2019-02-18,0.04716,0.0154,0.82125
2019-02-19,0.04714,0.01477,0.8112
2019-02-20,0.04712,0.01418,0.80115
2019-02-21,0.0471,0.01363,0.79109
2019-02-22,0.04708,0.01313,0.78104
2019-02-23,0.04706,0.01268,0.77099
2019-02-24,0.04704,0.01228,0.76093
2019-02-25,0.04702,0.01194,0.75088
2019-02-26,0.047,0.01167,0.74083
2019-02-27,0.04698,0.01147,0.73077
2019-02-28,0.04696,0.01134,0.72072
2019-03-01,0.04694,0.01129,0.71067
2019-03-02,0.04692,0.01132,0.70061
2019-03-03,0.0469,0.01143,0.69056
2019-03-04,0.04688,0.01161,0.68051
2019-03-05,0.04686,0.01187,0.67045
2019-03-06,0.04684,0.01219,0.6604
2019-03-07,0.04682,0.01257,0.65035
2019-03-08,0.0468,0.01302,0.64029
2019-03-09,0.04678,0.01351,0.63024
2019-03-10,0.04675,0.01405,0.62019
2019-03-11,0.04673,0.01463,0.61013
2019-03-12,0.04671,0.01524,0.60008
2019-03-13,0.04669,0.01589,0.59003
2019-03-14,0.04731,0.01465,0.60631
2019-03-15,0.04793,0.0136,0.62259
2019-03-16,0.04854,0.01279,0.63887
2019-03-17,0.04916,0.01227,0.65515
2019-03-18,0.04978,0.01207,0.67143
2019-03-19,0.0504,0.01222,0.68771
2019-03-20,0.05101,0.01269,0.70399
2019-03-21,0.05163,0.01346,0.72027
2019-03-22,0.05225,0.01447,0.73655
2019-03-23,0.05286,0.01569,0.75283
2019-03-24,0.05348,0.01706,0.76911
2019-03-25,0.0541,0.01856,0.78539
2019-03-26,0.05404,0.01837,0.78585
2019-03-27,0.05398,0.01818,0.78631
2019-03-28,0.05392,0.01799,0.78677
2019-03-29,0.05386,0.0178,0.78722
2019-03-30,0.0538,0.01761,0.78768
2019-03-31,0.05374,0.01743,0.78814
2019-04-01,0.05368,0.01725,0.78859
2019-04-02,0.05362,0.01707,0.78905
2019-04-03,0.05356,0.01689,0.78951
2019-04-04,0.0535,0.01672,0.78996
2019-04-05,0.05344,0.01654,0.79042
2019-04-06,0.05338,0.01637,0.79088
2019-04-07,0.05333,0.0162,0.79133
2019-04-08,0.05327,0.01604,0.79179
2019-04-09,0.05321,0.01587,0.79225
2019-04-10,0.05315,0.01571,0.79271
2019-04-11,0.05309,0.01555,0.79316
2019-04-12,0.05303,0.0154,0.79362
2019-04-13,0.05297,0.01524,0.79408
2019-04-14,0.05291,0.0151,0.79453
2019-04-15,0.05285,0.01495,0.79499
2019-04-16,0.05279,0.0148,0.79545
2019-04-17,0.05273,0.01466,0.7959
2019-04-18,0.05267,0.01453,0.79636
2019-04-19,0.05261,0.01439,0.79682
2019-04-20,0.05255,0.01426,0.79727
2019-04-21,0.05249,0.01413,0.79773
2019-04-22,0.05243,0.01401,0.79819
2019-04-23,0.05237,0.01389,0.79865
2019-04-24,0.05232,0.01378,0.7991
2019-04-25,0.05226,0.01366,0.79956
2019-04-26,0.0522,0.01356,0.80002
2019-04-27,0.05214,0.01345,0.80047
2019-04-28,0.05208,0.01335,0.80093
2019-04-29,0.05202,0.01326,0.80139
2019-04-30,0.05196,0.01317,0.80184
2019-05-01,0.0519,0.01308,0.8023
2019-05-02,0.05184,0.013,0.80276
2019-05-03,0.05178,0.01292,0.80321
2019-05-04,0.05172,0.01285,0.80367
2019-05-05,0.05166,0.01279,0.80413
2019-05-06,0.0516,0.01272,0.80459
2019-05-07,0.05154,0.01267,0.80504
2019-05-08,0.05148,0.01261,0.8055
2019-05-09,0.05142,0.01257,0.80596
2019-05-10,0.05136,0.01253,0.80641
2019-05-11,0.0513,0.01249,0.80687
2019-05-12,0.05125,0.01246,0.80733
2019-05-13,0.05119,0.01243,0.80778
2019-05-14,0.05113,0.01241,0.80824
2019-05-15,0.05107,0.0124,0.8087
2019-05-16,0.05101,0.01239,0.80915
2019-05-17,0.05095,0.01238,0.80961
2019-05-18,0.05089,0.01238,0.81007
2019-05-19,0.05083,0.01239,0.81053
2019-05-20,0.05077,0.0124,0.81098
2019-05-21,0.05071,0.01242,0.81144
2019-05-22,0.05065,0.01244,0.8119
2019-05-23,0.05059,0.01247,0.81235
2019-05-24,0.05053,0.01251,0.81281
2019-05-25,0.05047,0.01254,0.81327
2019-05-26,0.05041,0.01259,0.81372
2019-05-27,0.05035,0.01264,0.81418
2019-05-28,0.05029,0.01269,0.81464
2019-05-29,0.05024,0.01275,0.81509
2019-05-30,0.05018,0.01282,0.81555
2019-05-31,0.05012,0.01289,0.81601
2019-06-01,0.05006,0.01296,0.81647
2019-06-02,0.05,0.01304,0.81692
2019-06-03,0.04994,0.01312,0.81738
2019-06-04,0.04988,0.01321,0.81784
2019-06-05,0.04982,0.0133,0.81829
2019-06-06,0.04976,0.0134,0.81875
2019-06-07,0.0497,0.0135,0.81921
2019-06-08,0.04964,0.01361,0.81966
2019-06-09,0.04958,0.01372,0.82012
2019-06-10,0.04952,0.01383,0.82058
2019-06-11,0.04946,0.01395,0.82103
2019-06-12,0.0494,0.01407,0.82149
2019-06-13,0.04934,0.01419,0.82195
2019-06-14,0.04928,0.01432,0.82241
2019-06-15,0.04923,0.01445,0.82286
2019-06-16,0.04917,0.01459,0.82332
2019-06-17,0.04911,0.01473,0.82378
2019-06-18,0.04905,0.01487,0.82423
2019-06-19,0.04899,0.01502,0.82469
2019-06-20,0.04893,0.01517,0.82515
2019-06-21,0.04887,0.01532,0.8256
2019-06-22,0.04881,0.01547,0.82606
2019-06-23,0.04875,0.01563,0.82652
2019-06-24,0.04869,0.01579,0.82697
2019-06-25,0.04863,0.01595,0.82743
2019-06-26,0.04857,0.01611,0.82789
2019-06-27,0.04851,0.01628,0.82835
2019-06-28,0.04845,0.01645,0.8288
2019-06-29,0.04839,0.01662,0.82926
2019-06-30,0.04822,0.01171,0.91463
2019-07-01,0.04805,0.01648,1.0
2019-07-02,0.04793,0.01492,1.0
2019-07-03,0.0478,0.01356,1.0
2019-07-04,0.04768,0.01248,1.0
2019-07-05,0.04756,0.01174,1.0
2019-07-06,0.04743,0.01143,1.0
2019-07-07,0.04731,0.01156,1.0
2019-07-08,0.04719,0.01213,1.0
2019-07-09,0.04706,0.01308,1.0
2019-07-10,0.04694,0.01434,1.0
2019-07-11,0.04681,0.01583,1.0
2019-07-12,0.04692,0.01509,0.99257
2019-07-13,0.04702,0.0144,0.98514
2019-07-14,0.04713,0.01377,0.97772
2019-07-15,0.04723,0.01319,0.97029
2019-07-16,0.04734,0.01267,0.96286
2019-07-17,0.04744,0.01224,0.95543
2019-07-18,0.04755,0.01188,0.94801
2019-07-19,0.04765,0.01162,0.94058
2019-07-20,0.04776,0.01145,0.93315
2019-07-21,0.04786,0.01139,0.92572
2019-07-22,0.04796,0.01142,0.9183
2019-07-23,0.04807,0.01156,0.91087
2019-07-24,0.04817,0.0118,0.90344
2019-07-25,0.04828,0.01213,0.89601
2019-07-26,0.04838,0.01255,0.88859
2019-07-27,0.04849,0.01304,0.88116
2019-07-28,0.04859,0.01361,0.87373
2019-07-29,0.0487,0.01423,0.8663
2019-07-30,0.0488,0.0149,0.85887
2019-07-31,0.04891,0.01563,0.85145
2019-08-01,0.04901,0.01639,0.84402
2019-08-02,0.04901,0.01222,0.84053
2019-08-03,0.049,0.01224,0.83703
2019-08-04,0.049,0.01643,0.83354
2019-08-05,0.04897,0.01512,0.8335
2019-08-06,0.04894,0.01396,0.83347
2019-08-07,0.04891,0.01299,0.83343
2019-08-08,0.04888,0.01224,0.8334
2019-08-09,0.04886,0.01177,0.83336
2019-08-10,0.04883,0.01161,0.83332
2019-08-11,0.0488,0.01176,0.83329
2019-08-12,0.04877,0.01222,0.83325
2019-08-13,0.04874,0.01296,0.83322
2019-08-14,0.04872,0.01393,0.83318
2019-08-15,0.04869,0.01509,0.83315
2019-08-16,0.04866,0.01639,0.83311
2019-08-17,0.04939,0.01512,0.83443
2019-08-18,0.05011,0.01405,0.83575
2019-08-19,0.05084,0.01324,0.83707
2019-08-20,0.05157,0.01275,0.83839
2019-08-21,0.05229,0.01259,0.83971
2019-08-22,0.05302,0.0128,0.84103
2019-08-23,0.05374,0.01335,0.84235
2019-08-24,0.05447,0.01421,0.84367
2019-08-25,0.0552,0.01531,0.84499
2019-08-26,0.05592,0.01662,0.84631
2019-08-27,0.05665,0.01808,0.84763
2019-08-28,0.05737,0.01967,0.84895
2019-08-29,0.05727,0.01554,0.88671
2019-08-30,0.05716,0.01388,0.92448
2019-08-31,0.05705,0.01549,0.96224
2019-09-01,0.05695,0.01958,1.0
2019-09-02,0.05634,0.01729,1.0
2019-09-03,0.05573,0.01541,1.0
2019-09-04,0.05512,0.0141,1.0
2019-09-05,0.05451,0.01352,1.0
2019-09-06,0.0539,0.01377,1.0
2019-09-07,0.05329,0.01482,1.0
2019-09-08,0.05268,0.0165,1.0
2019-09-09,0.05208,0.01864,1.0
2019-09-10,0.05193,0.01782,1.0
2019-09-11,0.05179,0.01702,1.0
2019-09-12,0.05164,0.01628,1.0
2019-09-13,0.0515,0.01558,1.0
2019-09-14,0.05135,0.01494,1.0
2019-09-15,0.05121,0.01437,1.0
2019-09-16,0.05106,0.01387,1.0
2019-09-17,0.05092,0.01346,1.0
2019-09-18,0.05078,0.01313,1.0
2019-09-19,0.05063,0.0129,1.0
2019-09-20,0.05049,0.01277,1.0
2019-09-21,0.05034,0.01275,1.0
2019-09-22,0.0502,0.01283,1.0
2019-09-23,0.05005,0.01302,1.0
2019-09-24,0.04991,0.0133,1.0
2019-09-25,0.04976,0.01368,1.0
2019-09-26,0.04962,0.01414,1.0
2019-09-27,0.04947,0.01468,1.0
2019-09-28,0.04933,0.01529,1.0
2019-09-29,0.04919,0.01597,1.0
2019-09-30,0.04904,0.01669,1.0
2019-10-01,0.0489,0.01746,1.0
2019-10-02,0.04855,0.01223,0.92873
2019-10-03,0.0482,0.01713,0.85745
2019-10-04,0.04872,0.01578,0.86933
2019-10-05,0.04924,0.01461,0.88121
2019-10-06,0.04975,0.01368,0.89309
2019-10-07,0.05027,0.01302,0.90497
2019-10-08,0.05079,0.01269,0.91685
2019-10-09,0.05131,0.01271,0.92873
2019-10-10,0.05182,0.01308,0.94061
2019-10-11,0.05234,0.01376,0.95248
2019-10-12,0.05286,0.01472,0.96436
2019-10-13,0.05338,0.01591,0.97624
2019-10-14,0.0539,0.01728,0.98812
2019-10-15,0.05441,0.01878,1.0
2019-10-16,0.0544,0.01595,1.0
2019-10-17,0.05438,0.01396,1.0
2019-10-18,0.05436,0.0132,1.0
2019-10-19,0.05435,0.01386,1.0
2019-10-20,0.05433,0.01577,1.0
2019-10-21,0.05431,0.01855,1.0
2019-10-22,0.05438,0.01577,1.0
2019-10-23,0.05445,0.01385,1.0
2019-10-24,0.05452,0.01317,1.0
2019-10-25,0.05459,0.01391,1.0
2019-10-26,0.05466,0.01588,1.0
2019-10-27,0.05473,0.01869,1.0
2019-10-28,0.05507,0.01543,1.0
2019-10-29,0.05542,0.01357,1.0
2019-10-30,0.05576,0.01368,1.0
2019-10-31,0.0561,0.01573,1.0
2019-11-01,0.05645,0.01909,1.0
2019-11-02,0.05656,0.01812,1.0
2019-11-03,0.05666,0.01721,1.0
2019-11-04,0.05677,0.01637,1.0
2019-11-05,0.05688,0.01562,1.0
2019-11-06,0.05699,0.01497,1.0
2019-11-07,0.0571,0.01444,1.0
2019-11-08,0.0572,0.01404,1.0
2019-11-09,0.05731,0.01377,1.0
2019-11-10,0.05742,0.01365,1.0
2019-11-11,0.05753,0.01368,1.0
2019-11-12,0.05764,0.01386,1.0
2019-11-13,0.05775,0.01418,1.0
2019-11-14,0.05785,0.01464,1.0
2019-11-15,0.05796,0.01522,1.0
2019-11-16,0.05807,0.0159,1.0
2019-11-17,0.05818,0.01669,1.0
2019-11-18,0.05829,0.01756,1.0
2019-11-19,0.05839,0.01849,1.0
2019-11-20,0.0585,0.01949,1.0
2019-11-21,0.05848,0.01656,0.97461
2019-11-22,0.05846,0.01452,0.94922
2019-11-23,0.05845,0.01376,0.92383
2019-11-24,0.05843,0.0145,0.89845
2019-11-25,0.05841,0.01652,0.87306
2019-11-26,0.05839,0.01944,0.84767
2019-11-27,0.05821,0.01602,0.87813
2019-11-28,0.05803,0.01397,0.9086
2019-11-29,0.05784,0.0139,0.93907
2019-11-30,0.05766,0.01585,0.96953
2019-12-01,0.05748,0.0192,1.0
2019-12-02,0.05746,0.0192,0.89445
2019-12-03,0.05725,0.01857,0.89797
2019-12-04,0.05704,0.01796,0.90149
2019-12-05,0.05683,0.01737,0.90501
2019-12-06,0.05662,0.0168,0.90852
2019-12-07,0.05641,0.01626,0.91204
2019-12-08,0.05619,0.01575,0.91556
2019-12-09,0.05598,0.01526,0.91908
2019-12-10,0.05577,0.01481,0.9226
2019-12-11,0.05556,0.0144,0.92612
2019-12-12,0.05535,0.01403,0.92963
2019-12-13,0.05514,0.01371,0.93315
2019-12-14,0.05493,0.01343,0.93667
2019-12-15,0.05471,0.0132,0.94019
2019-12-16,0.0545,0.01303,0.94371
2019-12-17,0.05429,0.01291,0.94723
2019-12-18,0.05408,0.01284,0.95074
2019-12-19,0.05387,0.01284,0.95426
2019-12-20,0.05366,0.01289,0.95778
2019-12-21,0.05345,0.013,0.9613
2019-12-22,0.05324,0.01316,0.96482
2019-12-23,0.05302,0.01338,0.96834
2019-12-24,0.05281,0.01365,0.97185
2019-12-25,0.0526,0.01396,0.97537
2019-12-26,0.05239,0.01432,0.97889
2019-12-27,0.05218,0.01473,0.98241
2019-12-28,0.05197,0.01517,0.98593
2019-12-29,0.05176,0.01564,0.98945
2019-12-30,0.05154,0.01615,0.99296
2019-12-31,0.05133,0.01669,0.99648
